X,Y,FL_den
4729418.0884,2700919.139745445,0.0
4739418.0884,2700919.139745445,0.0
4749418.0884,2700919.139745445,0.0
4759418.0884,2700919.139745445,0.0
4769418.0884,2700919.139745445,0.0
4779418.0884,2700919.139745445,0.0
4789418.0884,2700919.139745445,0.0
4799418.0884,2700919.139745445,0.0
4809418.0884,2700919.139745445,0.0
4819418.0884,2700919.139745445,0.0
4829418.0884,2700919.139745445,0.0
4839418.0884,2700919.139745445,0.0
4849418.0884,2700919.139745445,0.0
4859418.0884,2700919.139745445,0.0
4869418.0884,2700919.139745445,0.0
4879418.0884,2700919.139745445,0.0
4889418.0884,2700919.139745445,3.35227268806193e-05
4899418.0884,2700919.139745445,6.742253754055128e-05
4909418.0884,2700919.139745445,5.3190789913060144e-05
4919418.0884,2700919.139745445,1.6418021914432757e-05
4929418.0884,2700919.139745445,3.049191582249477e-05
4939418.0884,2700919.139745445,4.735097536467947e-05
4949418.0884,2700919.139745445,3.2957002986222506e-05
4959418.0884,2700919.139745445,4.6324576032930045e-06
4969418.0884,2700919.139745445,2.2128073396743275e-05
4979418.0884,2700919.139745445,5.459686508402228e-05
4989418.0884,2700919.139745445,2.621311796247028e-05
4999418.0884,2700919.139745445,6.093965225772991e-07
5009418.0884,2700919.139745445,0.0
4729418.0884,2690919.139745445,0.0
4739418.0884,2690919.139745445,0.0
4749418.0884,2690919.139745445,0.0
4759418.0884,2690919.139745445,0.0
4769418.0884,2690919.139745445,0.0
4779418.0884,2690919.139745445,0.0
4789418.0884,2690919.139745445,0.0
4799418.0884,2690919.139745445,0.0
4809418.0884,2690919.139745445,0.0
4819418.0884,2690919.139745445,0.0
4829418.0884,2690919.139745445,0.0
4839418.0884,2690919.139745445,0.0
4849418.0884,2690919.139745445,0.0
4859418.0884,2690919.139745445,0.0
4869418.0884,2690919.139745445,0.0
4879418.0884,2690919.139745445,0.0
4889418.0884,2690919.139745445,6.0476049839053296e-05
4899418.0884,2690919.139745445,9.017606498673558e-05
4909418.0884,2690919.139745445,5.543741644942202e-05
4919418.0884,2690919.139745445,6.383408617693931e-05
4929418.0884,2690919.139745445,6.405494787031785e-05
4939418.0884,2690919.139745445,6.0410340665839606e-05
4949418.0884,2690919.139745445,3.980873589171097e-05
4959418.0884,2690919.139745445,8.637337305117399e-05
4969418.0884,2690919.139745445,0.0001190804105135
4979418.0884,2690919.139745445,0.0001716084370855
4989418.0884,2690919.139745445,7.793607073836029e-05
4999418.0884,2690919.139745445,6.865026807645336e-05
5009418.0884,2690919.139745445,4.704355887952261e-05
4729418.0884,2680919.139745445,0.0
4739418.0884,2680919.139745445,0.0
4749418.0884,2680919.139745445,0.0
4759418.0884,2680919.139745445,0.0
4769418.0884,2680919.139745445,0.0
4779418.0884,2680919.139745445,0.0
4789418.0884,2680919.139745445,0.0
4799418.0884,2680919.139745445,0.0
4809418.0884,2680919.139745445,0.0
4819418.0884,2680919.139745445,0.0
4829418.0884,2680919.139745445,0.0
4839418.0884,2680919.139745445,0.0
4849418.0884,2680919.139745445,0.0
4859418.0884,2680919.139745445,0.0
4869418.0884,2680919.139745445,5.5556392908329136e-06
4879418.0884,2680919.139745445,2.656230390130077e-05
4889418.0884,2680919.139745445,5.30065008206293e-05
4899418.0884,2680919.139745445,9.957141446648164e-05
4909418.0884,2680919.139745445,8.753852307563646e-05
4919418.0884,2680919.139745445,8.278052700916305e-05
4929418.0884,2680919.139745445,4.349220762378536e-05
4939418.0884,2680919.139745445,6.762509292457253e-05
4949418.0884,2680919.139745445,7.97168759163469e-05
4959418.0884,2680919.139745445,0.0001144185152952
4969418.0884,2680919.139745445,0.0001211125927511
4979418.0884,2680919.139745445,9.323634731117636e-05
4989418.0884,2680919.139745445,5.49254946236033e-05
4999418.0884,2680919.139745445,9.19865706237033e-05
5009418.0884,2680919.139745445,5.333529770723544e-05
4729418.0884,2670919.139745445,0.0
4739418.0884,2670919.139745445,0.0
4749418.0884,2670919.139745445,0.0
4759418.0884,2670919.139745445,0.0
4769418.0884,2670919.139745445,0.0
4779418.0884,2670919.139745445,0.0
4789418.0884,2670919.139745445,0.0
4799418.0884,2670919.139745445,0.0
4809418.0884,2670919.139745445,0.0
4819418.0884,2670919.139745445,0.0
4829418.0884,2670919.139745445,0.0
4839418.0884,2670919.139745445,0.0
4849418.0884,2670919.139745445,0.0
4859418.0884,2670919.139745445,0.0
4869418.0884,2670919.139745445,0.0
4879418.0884,2670919.139745445,5.6981443776749074e-05
4889418.0884,2670919.139745445,8.206708298530428e-05
4899418.0884,2670919.139745445,0.0001116820858442
4909418.0884,2670919.139745445,8.625552436569706e-05
4919418.0884,2670919.139745445,0.0001141647808253
4929418.0884,2670919.139745445,0.0001114023543777
4939418.0884,2670919.139745445,6.422676233341917e-05
4949418.0884,2670919.139745445,4.234992229612544e-05
4959418.0884,2670919.139745445,7.516556797781958e-05
4969418.0884,2670919.139745445,0.0001010938285617
4979418.0884,2670919.139745445,9.629878331907092e-05
4989418.0884,2670919.139745445,0.0001223188592121
4999418.0884,2670919.139745445,8.16287938505411e-05
5009418.0884,2670919.139745445,1.6069781850092113e-05
4729418.0884,2660919.139745445,0.0
4739418.0884,2660919.139745445,0.0
4749418.0884,2660919.139745445,0.0
4759418.0884,2660919.139745445,0.0
4769418.0884,2660919.139745445,0.0
4779418.0884,2660919.139745445,0.0
4789418.0884,2660919.139745445,0.0
4799418.0884,2660919.139745445,0.0
4809418.0884,2660919.139745445,0.0
4819418.0884,2660919.139745445,0.0
4829418.0884,2660919.139745445,0.0
4839418.0884,2660919.139745445,0.0
4849418.0884,2660919.139745445,0.0
4859418.0884,2660919.139745445,0.0
4869418.0884,2660919.139745445,0.0
4879418.0884,2660919.139745445,5.225678251008503e-05
4889418.0884,2660919.139745445,7.457874744432047e-05
4899418.0884,2660919.139745445,9.395438974024728e-05
4909418.0884,2660919.139745445,8.222820179071277e-05
4919418.0884,2660919.139745445,6.088563168304972e-05
4929418.0884,2660919.139745445,3.734292477020063e-05
4939418.0884,2660919.139745445,0.0
4949418.0884,2660919.139745445,5.9881182096432894e-05
4959418.0884,2660919.139745445,9.924643381964417e-05
4969418.0884,2660919.139745445,0.0001652130304137
4979418.0884,2660919.139745445,0.0002194767585024
4989418.0884,2660919.139745445,0.0001385662180837
4999418.0884,2660919.139745445,7.89315381553024e-05
5009418.0884,2660919.139745445,1.3396232134255112e-05
4729418.0884,2650919.139745445,0.0
4739418.0884,2650919.139745445,0.0
4749418.0884,2650919.139745445,0.0
4759418.0884,2650919.139745445,0.0
4769418.0884,2650919.139745445,0.0
4779418.0884,2650919.139745445,0.0
4789418.0884,2650919.139745445,0.0
4799418.0884,2650919.139745445,0.0
4809418.0884,2650919.139745445,0.0
4819418.0884,2650919.139745445,0.0
4829418.0884,2650919.139745445,0.0
4839418.0884,2650919.139745445,0.0
4849418.0884,2650919.139745445,0.0
4859418.0884,2650919.139745445,0.0
4869418.0884,2650919.139745445,0.0
4879418.0884,2650919.139745445,0.0
4889418.0884,2650919.139745445,6.264238618314266e-05
4899418.0884,2650919.139745445,8.423438703175634e-05
4909418.0884,2650919.139745445,3.878194547723978e-05
4919418.0884,2650919.139745445,0.0
4929418.0884,2650919.139745445,1.3723592019232456e-05
4939418.0884,2650919.139745445,5.9347799833631136e-05
4949418.0884,2650919.139745445,5.9493901062523946e-05
4959418.0884,2650919.139745445,7.560829544672742e-05
4969418.0884,2650919.139745445,0.0002350861614104
4979418.0884,2650919.139745445,0.0002637950819917
4989418.0884,2650919.139745445,0.0001136588471126
4999418.0884,2650919.139745445,5.4549822380067774e-05
5009418.0884,2650919.139745445,1.377335956931347e-05
4729418.0884,2640919.139745445,0.0
4739418.0884,2640919.139745445,0.0
4749418.0884,2640919.139745445,0.0
4759418.0884,2640919.139745445,0.0
4769418.0884,2640919.139745445,0.0
4779418.0884,2640919.139745445,0.0
4789418.0884,2640919.139745445,0.0
4799418.0884,2640919.139745445,0.0
4809418.0884,2640919.139745445,0.0
4819418.0884,2640919.139745445,0.0
4829418.0884,2640919.139745445,0.0
4839418.0884,2640919.139745445,0.0
4849418.0884,2640919.139745445,0.0
4859418.0884,2640919.139745445,0.0
4869418.0884,2640919.139745445,0.0
4879418.0884,2640919.139745445,0.0
4889418.0884,2640919.139745445,4.489816637942568e-05
4899418.0884,2640919.139745445,6.282669346546754e-05
4909418.0884,2640919.139745445,0.0
4919418.0884,2640919.139745445,0.0
4929418.0884,2640919.139745445,1.4521790944854727e-05
4939418.0884,2640919.139745445,3.718459265655837e-05
4949418.0884,2640919.139745445,4.179604729870334e-05
4959418.0884,2640919.139745445,0.0001125668277381
4969418.0884,2640919.139745445,0.0001908211706904
4979418.0884,2640919.139745445,0.0002581905573606
4989418.0884,2640919.139745445,0.0001922948576975
4999418.0884,2640919.139745445,0.0001355833373963
5009418.0884,2640919.139745445,3.582296267268248e-05
4729418.0884,2630919.139745445,0.0
4739418.0884,2630919.139745445,0.0
4749418.0884,2630919.139745445,0.0
4759418.0884,2630919.139745445,0.0
4769418.0884,2630919.139745445,0.0
4779418.0884,2630919.139745445,0.0
4789418.0884,2630919.139745445,0.0
4799418.0884,2630919.139745445,0.0
4809418.0884,2630919.139745445,0.0
4819418.0884,2630919.139745445,0.0
4829418.0884,2630919.139745445,0.0
4839418.0884,2630919.139745445,0.0
4849418.0884,2630919.139745445,0.0
4859418.0884,2630919.139745445,0.0
4869418.0884,2630919.139745445,0.0
4879418.0884,2630919.139745445,0.0
4889418.0884,2630919.139745445,0.0
4899418.0884,2630919.139745445,6.26167020527646e-05
4909418.0884,2630919.139745445,4.626938607543706e-05
4919418.0884,2630919.139745445,0.0
4929418.0884,2630919.139745445,0.0
4939418.0884,2630919.139745445,0.0
4949418.0884,2630919.139745445,2.519082227081526e-05
4959418.0884,2630919.139745445,6.0228430811548606e-05
4969418.0884,2630919.139745445,0.0001517318014521
4979418.0884,2630919.139745445,0.0001632831263123
4989418.0884,2630919.139745445,0.0001237352844327
4999418.0884,2630919.139745445,7.442187779815868e-05
5009418.0884,2630919.139745445,0.0
4729418.0884,2620919.139745445,0.0
4739418.0884,2620919.139745445,0.0
4749418.0884,2620919.139745445,0.0
4759418.0884,2620919.139745445,0.0
4769418.0884,2620919.139745445,0.0
4779418.0884,2620919.139745445,0.0
4789418.0884,2620919.139745445,0.0
4799418.0884,2620919.139745445,0.0
4809418.0884,2620919.139745445,0.0
4819418.0884,2620919.139745445,0.0
4829418.0884,2620919.139745445,0.0
4839418.0884,2620919.139745445,0.0
4849418.0884,2620919.139745445,0.0
4859418.0884,2620919.139745445,0.0
4869418.0884,2620919.139745445,0.0
4879418.0884,2620919.139745445,0.0
4889418.0884,2620919.139745445,0.0
4899418.0884,2620919.139745445,5.480350591824389e-05
4909418.0884,2620919.139745445,5.726047675125301e-05
4919418.0884,2620919.139745445,0.0
4929418.0884,2620919.139745445,0.0
4939418.0884,2620919.139745445,0.0
4949418.0884,2620919.139745445,0.0
4959418.0884,2620919.139745445,0.0
4969418.0884,2620919.139745445,0.0001682581205386
4979418.0884,2620919.139745445,0.0001860990741988
4989418.0884,2620919.139745445,6.215334724402055e-05
4999418.0884,2620919.139745445,0.0
5009418.0884,2620919.139745445,0.0
4729418.0884,2610919.139745445,0.0
4739418.0884,2610919.139745445,0.0
4749418.0884,2610919.139745445,0.0
4759418.0884,2610919.139745445,0.0
4769418.0884,2610919.139745445,0.0
4779418.0884,2610919.139745445,0.0
4789418.0884,2610919.139745445,0.0
4799418.0884,2610919.139745445,0.0
4809418.0884,2610919.139745445,0.0
4819418.0884,2610919.139745445,0.0
4829418.0884,2610919.139745445,0.0
4839418.0884,2610919.139745445,0.0
4849418.0884,2610919.139745445,0.0
4859418.0884,2610919.139745445,0.0
4869418.0884,2610919.139745445,0.0
4879418.0884,2610919.139745445,0.0
4889418.0884,2610919.139745445,0.0
4899418.0884,2610919.139745445,4.179900497547352e-05
4909418.0884,2610919.139745445,6.330840551527217e-05
4919418.0884,2610919.139745445,0.0
4929418.0884,2610919.139745445,0.0
4939418.0884,2610919.139745445,2.1460566131281663e-05
4949418.0884,2610919.139745445,8.391115989070386e-05
4959418.0884,2610919.139745445,0.0001211518538184
4969418.0884,2610919.139745445,0.0002366057888139
4979418.0884,2610919.139745445,0.000157738715643
4989418.0884,2610919.139745445,0.0
4999418.0884,2610919.139745445,0.0
5009418.0884,2610919.139745445,0.0
4729418.0884,2600919.139745445,0.0
4739418.0884,2600919.139745445,0.0
4749418.0884,2600919.139745445,0.0
4759418.0884,2600919.139745445,0.0
4769418.0884,2600919.139745445,0.0
4779418.0884,2600919.139745445,0.0
4789418.0884,2600919.139745445,0.0
4799418.0884,2600919.139745445,0.0
4809418.0884,2600919.139745445,0.0
4819418.0884,2600919.139745445,0.0
4829418.0884,2600919.139745445,0.0
4839418.0884,2600919.139745445,0.0
4849418.0884,2600919.139745445,0.0
4859418.0884,2600919.139745445,0.0
4869418.0884,2600919.139745445,0.0
4879418.0884,2600919.139745445,0.0
4889418.0884,2600919.139745445,0.0
4899418.0884,2600919.139745445,0.0
4909418.0884,2600919.139745445,6.408841727534309e-05
4919418.0884,2600919.139745445,3.027446837222669e-05
4929418.0884,2600919.139745445,0.0
4939418.0884,2600919.139745445,7.148613076424226e-05
4949418.0884,2600919.139745445,0.0001290357031393
4959418.0884,2600919.139745445,0.0001870939013315
4969418.0884,2600919.139745445,0.0001796703145373
4979418.0884,2600919.139745445,2.260365363326855e-05
4989418.0884,2600919.139745445,0.0
4999418.0884,2600919.139745445,0.0
5009418.0884,2600919.139745445,0.0
4729418.0884,2590919.139745445,0.0
4739418.0884,2590919.139745445,0.0
4749418.0884,2590919.139745445,0.0
4759418.0884,2590919.139745445,0.0
4769418.0884,2590919.139745445,0.0
4779418.0884,2590919.139745445,0.0
4789418.0884,2590919.139745445,0.0
4799418.0884,2590919.139745445,0.0
4809418.0884,2590919.139745445,0.0
4819418.0884,2590919.139745445,0.0
4829418.0884,2590919.139745445,0.0
4839418.0884,2590919.139745445,0.0
4849418.0884,2590919.139745445,0.0
4859418.0884,2590919.139745445,0.0
4869418.0884,2590919.139745445,0.0
4879418.0884,2590919.139745445,0.0
4889418.0884,2590919.139745445,0.0
4899418.0884,2590919.139745445,0.0
4909418.0884,2590919.139745445,5.874704947927968e-05
4919418.0884,2590919.139745445,5.228439476923086e-05
4929418.0884,2590919.139745445,1.5962787074386142e-05
4939418.0884,2590919.139745445,5.426631105365232e-05
4949418.0884,2590919.139745445,0.0001884615485323
4959418.0884,2590919.139745445,0.0002356839831918
4969418.0884,2590919.139745445,6.081719038775192e-05
4979418.0884,2590919.139745445,0.0
4989418.0884,2590919.139745445,0.0
4999418.0884,2590919.139745445,0.0
5009418.0884,2590919.139745445,0.0
4729418.0884,2580919.139745445,0.0
4739418.0884,2580919.139745445,0.0
4749418.0884,2580919.139745445,0.0
4759418.0884,2580919.139745445,0.0
4769418.0884,2580919.139745445,0.0
4779418.0884,2580919.139745445,0.0
4789418.0884,2580919.139745445,0.0
4799418.0884,2580919.139745445,0.0
4809418.0884,2580919.139745445,0.0
4819418.0884,2580919.139745445,0.0
4829418.0884,2580919.139745445,0.0
4839418.0884,2580919.139745445,0.0
4849418.0884,2580919.139745445,0.0
4859418.0884,2580919.139745445,0.0
4869418.0884,2580919.139745445,0.0
4879418.0884,2580919.139745445,0.0
4889418.0884,2580919.139745445,0.0
4899418.0884,2580919.139745445,0.0
4909418.0884,2580919.139745445,4.6228822611738e-05
4919418.0884,2580919.139745445,7.601222750963643e-05
4929418.0884,2580919.139745445,0.0
4939418.0884,2580919.139745445,8.823547250358388e-05
4949418.0884,2580919.139745445,0.0001838582393247
4959418.0884,2580919.139745445,0.0001968148135347
4969418.0884,2580919.139745445,6.256988854147494e-05
4979418.0884,2580919.139745445,0.0
4989418.0884,2580919.139745445,0.0
4999418.0884,2580919.139745445,0.0
5009418.0884,2580919.139745445,0.0
4729418.0884,2570919.139745445,0.0
4739418.0884,2570919.139745445,0.0
4749418.0884,2570919.139745445,0.0
4759418.0884,2570919.139745445,0.0
4769418.0884,2570919.139745445,0.0
4779418.0884,2570919.139745445,0.0
4789418.0884,2570919.139745445,0.0
4799418.0884,2570919.139745445,0.0
4809418.0884,2570919.139745445,0.0
4819418.0884,2570919.139745445,0.0
4829418.0884,2570919.139745445,0.0
4839418.0884,2570919.139745445,0.0
4849418.0884,2570919.139745445,0.0
4859418.0884,2570919.139745445,0.0
4869418.0884,2570919.139745445,0.0
4879418.0884,2570919.139745445,0.0
4889418.0884,2570919.139745445,0.0
4899418.0884,2570919.139745445,0.0
4909418.0884,2570919.139745445,0.0
4919418.0884,2570919.139745445,0.0001384606584906
4929418.0884,2570919.139745445,0.0002360035286983
4939418.0884,2570919.139745445,0.0002173075772589
4949418.0884,2570919.139745445,9.7706782980822e-05
4959418.0884,2570919.139745445,9.96420858427882e-05
4969418.0884,2570919.139745445,5.0062964874086895e-05
4979418.0884,2570919.139745445,1.866332786448765e-05
4989418.0884,2570919.139745445,0.0
4999418.0884,2570919.139745445,0.0
5009418.0884,2570919.139745445,0.0
4729418.0884,2560919.139745445,0.0
4739418.0884,2560919.139745445,0.0
4749418.0884,2560919.139745445,0.0
4759418.0884,2560919.139745445,0.0
4769418.0884,2560919.139745445,0.0
4779418.0884,2560919.139745445,0.0
4789418.0884,2560919.139745445,0.0
4799418.0884,2560919.139745445,0.0
4809418.0884,2560919.139745445,0.0
4819418.0884,2560919.139745445,0.0
4829418.0884,2560919.139745445,0.0
4839418.0884,2560919.139745445,0.0
4849418.0884,2560919.139745445,0.0
4859418.0884,2560919.139745445,0.0
4869418.0884,2560919.139745445,0.0
4879418.0884,2560919.139745445,0.0
4889418.0884,2560919.139745445,0.0
4899418.0884,2560919.139745445,3.756244041142054e-05
4909418.0884,2560919.139745445,7.912507862783968e-05
4919418.0884,2560919.139745445,0.0001939044013852
4929418.0884,2560919.139745445,0.0003551174886524
4939418.0884,2560919.139745445,0.0003029696526937
4949418.0884,2560919.139745445,0.000132428802317
4959418.0884,2560919.139745445,0.0001009280094876
4969418.0884,2560919.139745445,2.9825880119460635e-05
4979418.0884,2560919.139745445,1.1468260709079912e-05
4989418.0884,2560919.139745445,0.0
4999418.0884,2560919.139745445,0.0
5009418.0884,2560919.139745445,0.0
4729418.0884,2550919.139745445,0.0
4739418.0884,2550919.139745445,0.0
4749418.0884,2550919.139745445,0.0
4759418.0884,2550919.139745445,0.0
4769418.0884,2550919.139745445,0.0
4779418.0884,2550919.139745445,0.0
4789418.0884,2550919.139745445,0.0
4799418.0884,2550919.139745445,0.0
4809418.0884,2550919.139745445,0.0
4819418.0884,2550919.139745445,0.0
4829418.0884,2550919.139745445,0.0
4839418.0884,2550919.139745445,0.0
4849418.0884,2550919.139745445,0.0
4859418.0884,2550919.139745445,1.726364644127898e-05
4869418.0884,2550919.139745445,6.457367362600053e-06
4879418.0884,2550919.139745445,5.100491034681909e-05
4889418.0884,2550919.139745445,6.28527341177687e-05
4899418.0884,2550919.139745445,0.0001543957914691
4909418.0884,2550919.139745445,0.0001582054828759
4919418.0884,2550919.139745445,8.613969839643687e-05
4929418.0884,2550919.139745445,0.0002840232045855
4939418.0884,2550919.139745445,0.0003267173015046
4949418.0884,2550919.139745445,0.0001436273014405
4959418.0884,2550919.139745445,0.0001432571007171
4969418.0884,2550919.139745445,4.938261099596275e-06
4979418.0884,2550919.139745445,0.0
4989418.0884,2550919.139745445,0.0
4999418.0884,2550919.139745445,0.0
5009418.0884,2550919.139745445,0.0
4729418.0884,2540919.139745445,0.0
4739418.0884,2540919.139745445,0.0
4749418.0884,2540919.139745445,0.0
4759418.0884,2540919.139745445,0.0
4769418.0884,2540919.139745445,0.0
4779418.0884,2540919.139745445,0.0
4789418.0884,2540919.139745445,0.0
4799418.0884,2540919.139745445,0.0
4809418.0884,2540919.139745445,0.0
4819418.0884,2540919.139745445,0.0
4829418.0884,2540919.139745445,0.0
4839418.0884,2540919.139745445,0.0
4849418.0884,2540919.139745445,0.0
4859418.0884,2540919.139745445,5.074223736301064e-05
4869418.0884,2540919.139745445,0.0001162779080914
4879418.0884,2540919.139745445,9.084114572033286e-05
4889418.0884,2540919.139745445,0.0001569102605571
4899418.0884,2540919.139745445,0.0001250821806024
4909418.0884,2540919.139745445,5.443132613436319e-05
4919418.0884,2540919.139745445,0.0
4929418.0884,2540919.139745445,0.0001841531338868
4939418.0884,2540919.139745445,0.0002834104816429
4949418.0884,2540919.139745445,0.0002137451665475
4959418.0884,2540919.139745445,0.0001732876844471
4969418.0884,2540919.139745445,6.357250094879419e-05
4979418.0884,2540919.139745445,8.434802111878525e-06
4989418.0884,2540919.139745445,0.0
4999418.0884,2540919.139745445,0.0
5009418.0884,2540919.139745445,0.0
4729418.0884,2530919.139745445,0.0
4739418.0884,2530919.139745445,0.0
4749418.0884,2530919.139745445,0.0
4759418.0884,2530919.139745445,0.0
4769418.0884,2530919.139745445,0.0
4779418.0884,2530919.139745445,0.0
4789418.0884,2530919.139745445,0.0
4799418.0884,2530919.139745445,0.0
4809418.0884,2530919.139745445,0.0
4819418.0884,2530919.139745445,0.0
4829418.0884,2530919.139745445,0.0
4839418.0884,2530919.139745445,0.0
4849418.0884,2530919.139745445,3.690810626721941e-05
4859418.0884,2530919.139745445,0.0001138396110036
4869418.0884,2530919.139745445,0.0001320780138485
4879418.0884,2530919.139745445,0.0001586550934007
4889418.0884,2530919.139745445,0.0001709723001113
4899418.0884,2530919.139745445,6.713051698170601e-05
4909418.0884,2530919.139745445,0.0
4919418.0884,2530919.139745445,0.0
4929418.0884,2530919.139745445,0.0002014030906138
4939418.0884,2530919.139745445,0.0003407176991458
4949418.0884,2530919.139745445,0.0002253839193144
4959418.0884,2530919.139745445,0.0002299280895385
4969418.0884,2530919.139745445,0.0001303557364735
4979418.0884,2530919.139745445,6.661011138930917e-05
4989418.0884,2530919.139745445,3.26294048136333e-06
4999418.0884,2530919.139745445,0.0
5009418.0884,2530919.139745445,0.0
4729418.0884,2520919.139745445,0.0
4739418.0884,2520919.139745445,0.0
4749418.0884,2520919.139745445,0.0
4759418.0884,2520919.139745445,0.0
4769418.0884,2520919.139745445,0.0
4779418.0884,2520919.139745445,0.0
4789418.0884,2520919.139745445,0.0
4799418.0884,2520919.139745445,0.0
4809418.0884,2520919.139745445,0.0
4819418.0884,2520919.139745445,0.0
4829418.0884,2520919.139745445,0.0
4839418.0884,2520919.139745445,0.0
4849418.0884,2520919.139745445,1.4081337212701328e-05
4859418.0884,2520919.139745445,7.963697134982793e-05
4869418.0884,2520919.139745445,0.0001568891311762
4879418.0884,2520919.139745445,0.0001563076802995
4889418.0884,2520919.139745445,0.000167034799233
4899418.0884,2520919.139745445,3.29434042214416e-05
4909418.0884,2520919.139745445,0.0
4919418.0884,2520919.139745445,5.381208393373527e-05
4929418.0884,2520919.139745445,0.0002471435873303
4939418.0884,2520919.139745445,0.0002886485599447
4949418.0884,2520919.139745445,0.0001779526210157
4959418.0884,2520919.139745445,0.0002075992088066
4969418.0884,2520919.139745445,0.000209537523915
4979418.0884,2520919.139745445,0.0001090064906748
4989418.0884,2520919.139745445,4.9169415433425456e-05
4999418.0884,2520919.139745445,5.215371402300661e-06
5009418.0884,2520919.139745445,0.0
4729418.0884,2510919.139745445,0.0
4739418.0884,2510919.139745445,0.0
4749418.0884,2510919.139745445,0.0
4759418.0884,2510919.139745445,0.0
4769418.0884,2510919.139745445,0.0
4779418.0884,2510919.139745445,0.0
4789418.0884,2510919.139745445,0.0
4799418.0884,2510919.139745445,0.0
4809418.0884,2510919.139745445,0.0
4819418.0884,2510919.139745445,0.0
4829418.0884,2510919.139745445,0.0
4839418.0884,2510919.139745445,0.0
4849418.0884,2510919.139745445,1.957152562681585e-05
4859418.0884,2510919.139745445,0.0001481968356529
4869418.0884,2510919.139745445,0.0001503954263171
4879418.0884,2510919.139745445,0.0001424470101483
4889418.0884,2510919.139745445,0.0001026876852847
4899418.0884,2510919.139745445,2.758528535196092e-05
4909418.0884,2510919.139745445,0.0
4919418.0884,2510919.139745445,5.6260498240590096e-05
4929418.0884,2510919.139745445,0.0001940317597473
4939418.0884,2510919.139745445,0.0002464754215907
4949418.0884,2510919.139745445,0.0001959650253411
4959418.0884,2510919.139745445,0.0001891203282866
4969418.0884,2510919.139745445,0.0002578506537247
4979418.0884,2510919.139745445,0.0001872799766715
4989418.0884,2510919.139745445,0.000105493425508
4999418.0884,2510919.139745445,2.490117731213104e-05
5009418.0884,2510919.139745445,0.0
4729418.0884,2500919.139745445,0.0
4739418.0884,2500919.139745445,0.0
4749418.0884,2500919.139745445,0.0
4759418.0884,2500919.139745445,0.0
4769418.0884,2500919.139745445,0.0
4779418.0884,2500919.139745445,0.0
4789418.0884,2500919.139745445,0.0
4799418.0884,2500919.139745445,0.0
4809418.0884,2500919.139745445,0.0
4819418.0884,2500919.139745445,0.0
4829418.0884,2500919.139745445,0.0
4839418.0884,2500919.139745445,6.132138878456317e-06
4849418.0884,2500919.139745445,6.924871559021993e-05
4859418.0884,2500919.139745445,0.000149605286424
4869418.0884,2500919.139745445,0.0001186673325719
4879418.0884,2500919.139745445,0.000133587498567
4889418.0884,2500919.139745445,6.541332550114021e-05
4899418.0884,2500919.139745445,0.0
4909418.0884,2500919.139745445,0.0
4919418.0884,2500919.139745445,0.0
4929418.0884,2500919.139745445,0.0001280981668969
4939418.0884,2500919.139745445,0.0001309844665229
4949418.0884,2500919.139745445,0.0001965000847121
4959418.0884,2500919.139745445,0.0001233261136803
4969418.0884,2500919.139745445,0.0001741578889777
4979418.0884,2500919.139745445,0.0002024539135163
4989418.0884,2500919.139745445,0.0001392023550579
4999418.0884,2500919.139745445,2.0009387299069203e-05
5009418.0884,2500919.139745445,0.0
4729418.0884,2490919.139745445,0.0
4739418.0884,2490919.139745445,0.0
4749418.0884,2490919.139745445,0.0
4759418.0884,2490919.139745445,0.0
4769418.0884,2490919.139745445,0.0
4779418.0884,2490919.139745445,0.0
4789418.0884,2490919.139745445,0.0
4799418.0884,2490919.139745445,0.0
4809418.0884,2490919.139745445,0.0
4819418.0884,2490919.139745445,0.0
4829418.0884,2490919.139745445,0.0
4839418.0884,2490919.139745445,3.275991912232712e-05
4849418.0884,2490919.139745445,9.284309635404496e-05
4859418.0884,2490919.139745445,0.0001054203166859
4869418.0884,2490919.139745445,0.0001539769145892
4879418.0884,2490919.139745445,0.0001769492519088
4889418.0884,2490919.139745445,0.0001102651876863
4899418.0884,2490919.139745445,3.359535548952408e-05
4909418.0884,2490919.139745445,0.0
4919418.0884,2490919.139745445,5.948938451183494e-06
4929418.0884,2490919.139745445,6.780899275327101e-05
4939418.0884,2490919.139745445,7.450269185937941e-05
4949418.0884,2490919.139745445,0.000144952267874
4959418.0884,2490919.139745445,0.0001466488611185
4969418.0884,2490919.139745445,0.0001635541702853
4979418.0884,2490919.139745445,0.0001574324123794
4989418.0884,2490919.139745445,6.426034087780863e-05
4999418.0884,2490919.139745445,0.0
5009418.0884,2490919.139745445,0.0
4729418.0884,2480919.139745445,0.0
4739418.0884,2480919.139745445,0.0
4749418.0884,2480919.139745445,0.0
4759418.0884,2480919.139745445,0.0
4769418.0884,2480919.139745445,0.0
4779418.0884,2480919.139745445,0.0
4789418.0884,2480919.139745445,0.0
4799418.0884,2480919.139745445,0.0
4809418.0884,2480919.139745445,0.0
4819418.0884,2480919.139745445,0.0
4829418.0884,2480919.139745445,0.0
4839418.0884,2480919.139745445,8.747410902287811e-06
4849418.0884,2480919.139745445,4.855712177231908e-05
4859418.0884,2480919.139745445,0.0001300454459851
4869418.0884,2480919.139745445,0.0001549829758005
4879418.0884,2480919.139745445,0.0001581854157848
4889418.0884,2480919.139745445,0.000162867072504
4899418.0884,2480919.139745445,6.952146213734521e-05
4909418.0884,2480919.139745445,0.0
4919418.0884,2480919.139745445,0.0
4929418.0884,2480919.139745445,6.894524995004758e-05
4939418.0884,2480919.139745445,5.413121107267216e-05
4949418.0884,2480919.139745445,0.0001363261835649
4959418.0884,2480919.139745445,0.0001967550342669
4969418.0884,2480919.139745445,0.0001338008587481
4979418.0884,2480919.139745445,0.0001142573019023
4989418.0884,2480919.139745445,5.121120193507522e-05
4999418.0884,2480919.139745445,0.0
5009418.0884,2480919.139745445,0.0
4729418.0884,2470919.139745445,0.0
4739418.0884,2470919.139745445,0.0
4749418.0884,2470919.139745445,0.0
4759418.0884,2470919.139745445,0.0
4769418.0884,2470919.139745445,0.0
4779418.0884,2470919.139745445,0.0
4789418.0884,2470919.139745445,0.0
4799418.0884,2470919.139745445,0.0
4809418.0884,2470919.139745445,0.0
4819418.0884,2470919.139745445,0.0
4829418.0884,2470919.139745445,0.0
4839418.0884,2470919.139745445,0.0
4849418.0884,2470919.139745445,3.576953895390034e-05
4859418.0884,2470919.139745445,0.0001016889800666
4869418.0884,2470919.139745445,0.0001034543165587
4879418.0884,2470919.139745445,0.0001091632730094
4889418.0884,2470919.139745445,0.0001295008260058
4899418.0884,2470919.139745445,3.572881541913375e-05
4909418.0884,2470919.139745445,2.0438525098143145e-05
4919418.0884,2470919.139745445,0.0
4929418.0884,2470919.139745445,1.3547625030696508e-06
4939418.0884,2470919.139745445,8.000175148481502e-05
4949418.0884,2470919.139745445,0.0001677510008448
4959418.0884,2470919.139745445,0.0002150812215404
4969418.0884,2470919.139745445,8.591538789914921e-05
4979418.0884,2470919.139745445,6.209347338881344e-05
4989418.0884,2470919.139745445,3.6531291698338464e-05
4999418.0884,2470919.139745445,0.0
5009418.0884,2470919.139745445,0.0
4729418.0884,2460919.139745445,0.0
4739418.0884,2460919.139745445,0.0
4749418.0884,2460919.139745445,0.0
4759418.0884,2460919.139745445,0.0
4769418.0884,2460919.139745445,0.0
4779418.0884,2460919.139745445,0.0
4789418.0884,2460919.139745445,0.0
4799418.0884,2460919.139745445,0.0
4809418.0884,2460919.139745445,0.0
4819418.0884,2460919.139745445,0.0
4829418.0884,2460919.139745445,0.0
4839418.0884,2460919.139745445,0.0
4849418.0884,2460919.139745445,1.6528842024854384e-05
4859418.0884,2460919.139745445,8.433761104242876e-05
4869418.0884,2460919.139745445,0.0001111733436118
4879418.0884,2460919.139745445,0.0001259195705642
4889418.0884,2460919.139745445,0.0001178866295958
4899418.0884,2460919.139745445,6.510705134132877e-05
4909418.0884,2460919.139745445,4.769551014760509e-05
4919418.0884,2460919.139745445,0.0
4929418.0884,2460919.139745445,3.024697070941329e-05
4939418.0884,2460919.139745445,8.854098996380344e-05
4949418.0884,2460919.139745445,0.0001572553737787
4959418.0884,2460919.139745445,0.0001883232762338
4969418.0884,2460919.139745445,0.0001113319594878
4979418.0884,2460919.139745445,6.401587597792968e-05
4989418.0884,2460919.139745445,3.056622517760843e-05
4999418.0884,2460919.139745445,0.0
5009418.0884,2460919.139745445,0.0
4729418.0884,2450919.139745445,0.0
4739418.0884,2450919.139745445,0.0
4749418.0884,2450919.139745445,0.0
4759418.0884,2450919.139745445,0.0
4769418.0884,2450919.139745445,0.0
4779418.0884,2450919.139745445,0.0
4789418.0884,2450919.139745445,0.0
4799418.0884,2450919.139745445,0.0
4809418.0884,2450919.139745445,0.0
4819418.0884,2450919.139745445,0.0
4829418.0884,2450919.139745445,0.0
4839418.0884,2450919.139745445,0.0
4849418.0884,2450919.139745445,2.060731276287697e-05
4859418.0884,2450919.139745445,0.0001030190396704
4869418.0884,2450919.139745445,0.0001035259774653
4879418.0884,2450919.139745445,0.0001338006695732
4889418.0884,2450919.139745445,0.0001805029314709
4899418.0884,2450919.139745445,0.000145032259752
4909418.0884,2450919.139745445,3.3667263778625056e-05
4919418.0884,2450919.139745445,0.0
4929418.0884,2450919.139745445,5.7379766076337546e-05
4939418.0884,2450919.139745445,5.6624474382260814e-05
4949418.0884,2450919.139745445,0.00010291577928
4959418.0884,2450919.139745445,0.0002313151780981
4969418.0884,2450919.139745445,0.0001787935470929
4979418.0884,2450919.139745445,8.364034874830395e-05
4989418.0884,2450919.139745445,4.413447641127277e-06
4999418.0884,2450919.139745445,0.0
5009418.0884,2450919.139745445,0.0
4729418.0884,2440919.139745445,0.0
4739418.0884,2440919.139745445,0.0
4749418.0884,2440919.139745445,0.0
4759418.0884,2440919.139745445,0.0
4769418.0884,2440919.139745445,0.0
4779418.0884,2440919.139745445,0.0
4789418.0884,2440919.139745445,0.0
4799418.0884,2440919.139745445,0.0
4809418.0884,2440919.139745445,0.0
4819418.0884,2440919.139745445,0.0
4829418.0884,2440919.139745445,0.0
4839418.0884,2440919.139745445,0.0
4849418.0884,2440919.139745445,5.408047582022846e-05
4859418.0884,2440919.139745445,8.774135494604705e-05
4869418.0884,2440919.139745445,0.0001132245233748
4879418.0884,2440919.139745445,0.0001229375484399
4889418.0884,2440919.139745445,0.0001400693727191
4899418.0884,2440919.139745445,6.480750016635284e-05
4909418.0884,2440919.139745445,4.648344111046754e-05
4919418.0884,2440919.139745445,2.2845204512123012e-05
4929418.0884,2440919.139745445,6.377374666044489e-05
4939418.0884,2440919.139745445,2.688603308342863e-05
4949418.0884,2440919.139745445,8.591228834120557e-05
4959418.0884,2440919.139745445,0.0001778942969394
4969418.0884,2440919.139745445,0.000166950179846
4979418.0884,2440919.139745445,0.0001507468114141
4989418.0884,2440919.139745445,5.468998642754741e-05
4999418.0884,2440919.139745445,7.595501301693729e-06
5009418.0884,2440919.139745445,0.0
4729418.0884,2430919.139745445,0.0
4739418.0884,2430919.139745445,0.0
4749418.0884,2430919.139745445,0.0
4759418.0884,2430919.139745445,0.0
4769418.0884,2430919.139745445,0.0
4779418.0884,2430919.139745445,0.0
4789418.0884,2430919.139745445,0.0
4799418.0884,2430919.139745445,0.0
4809418.0884,2430919.139745445,0.0
4819418.0884,2430919.139745445,0.0
4829418.0884,2430919.139745445,1.9365224943612702e-06
4839418.0884,2430919.139745445,4.9463429604656994e-05
4849418.0884,2430919.139745445,7.761681627016513e-05
4859418.0884,2430919.139745445,7.488481060136108e-05
4869418.0884,2430919.139745445,7.314301910810173e-05
4879418.0884,2430919.139745445,6.695168121950701e-05
4889418.0884,2430919.139745445,6.202889198902993e-05
4899418.0884,2430919.139745445,5.608489300357178e-05
4909418.0884,2430919.139745445,0.0
4919418.0884,2430919.139745445,5.671941471518949e-05
4929418.0884,2430919.139745445,9.172100544674322e-05
4939418.0884,2430919.139745445,3.610469138948248e-05
4949418.0884,2430919.139745445,4.1453713492956006e-05
4959418.0884,2430919.139745445,0.0001818006421672
4969418.0884,2430919.139745445,0.0001910221180878
4979418.0884,2430919.139745445,0.0001504630199633
4989418.0884,2430919.139745445,0.0001045353128574
4999418.0884,2430919.139745445,1.3407681080934708e-06
5009418.0884,2430919.139745445,0.0
4729418.0884,2420919.139745445,0.0
4739418.0884,2420919.139745445,0.0
4749418.0884,2420919.139745445,0.0
4759418.0884,2420919.139745445,0.0
4769418.0884,2420919.139745445,0.0
4779418.0884,2420919.139745445,0.0
4789418.0884,2420919.139745445,0.0
4799418.0884,2420919.139745445,0.0
4809418.0884,2420919.139745445,0.0
4819418.0884,2420919.139745445,0.0
4829418.0884,2420919.139745445,4.101776357856579e-05
4839418.0884,2420919.139745445,0.0001010452251648
4849418.0884,2420919.139745445,5.8043184253619984e-05
4859418.0884,2420919.139745445,3.568935790099204e-05
4869418.0884,2420919.139745445,0.0
4879418.0884,2420919.139745445,6.858663982711732e-05
4889418.0884,2420919.139745445,5.8985460782423615e-05
4899418.0884,2420919.139745445,0.0
4909418.0884,2420919.139745445,5.157811392564327e-05
4919418.0884,2420919.139745445,6.376725650625303e-05
4929418.0884,2420919.139745445,9.382537245983258e-05
4939418.0884,2420919.139745445,5.5152027925942086e-05
4949418.0884,2420919.139745445,0.0
4959418.0884,2420919.139745445,0.0002009277231991
4969418.0884,2420919.139745445,0.0002281419729115
4979418.0884,2420919.139745445,0.0001193118660012
4989418.0884,2420919.139745445,0.0001032612126437
4999418.0884,2420919.139745445,3.696230851346626e-05
5009418.0884,2420919.139745445,0.0
4729418.0884,2410919.139745445,0.0
4739418.0884,2410919.139745445,0.0
4749418.0884,2410919.139745445,0.0
4759418.0884,2410919.139745445,0.0
4769418.0884,2410919.139745445,0.0
4779418.0884,2410919.139745445,0.0
4789418.0884,2410919.139745445,0.0
4799418.0884,2410919.139745445,0.0
4809418.0884,2410919.139745445,0.0
4819418.0884,2410919.139745445,0.0
4829418.0884,2410919.139745445,4.863805224886164e-05
4839418.0884,2410919.139745445,9.45513675105758e-05
4849418.0884,2410919.139745445,0.0
4859418.0884,2410919.139745445,5.261320256977342e-05
4869418.0884,2410919.139745445,0.0001146601935033
4879418.0884,2410919.139745445,0.0001093828395823
4889418.0884,2410919.139745445,4.598303712555207e-05
4899418.0884,2410919.139745445,0.0001179973842226
4909418.0884,2410919.139745445,9.977622539736328e-05
4919418.0884,2410919.139745445,0.0001023395379888
4929418.0884,2410919.139745445,6.091731120250188e-05
4939418.0884,2410919.139745445,0.0
4949418.0884,2410919.139745445,0.0
4959418.0884,2410919.139745445,0.0001872800348792
4969418.0884,2410919.139745445,0.000239169166889
4979418.0884,2410919.139745445,5.8777597587322816e-05
4989418.0884,2410919.139745445,8.259134483523667e-05
4999418.0884,2410919.139745445,4.332898970460519e-05
5009418.0884,2410919.139745445,0.0
4729418.0884,2400919.139745445,0.0
4739418.0884,2400919.139745445,0.0
4749418.0884,2400919.139745445,0.0
4759418.0884,2400919.139745445,0.0
4769418.0884,2400919.139745445,0.0
4779418.0884,2400919.139745445,0.0
4789418.0884,2400919.139745445,0.0
4799418.0884,2400919.139745445,0.0
4809418.0884,2400919.139745445,0.0
4819418.0884,2400919.139745445,0.0
4829418.0884,2400919.139745445,1.8629856640473008e-05
4839418.0884,2400919.139745445,7.02190154697746e-05
4849418.0884,2400919.139745445,5.588467320194468e-05
4859418.0884,2400919.139745445,7.850205292925239e-05
4869418.0884,2400919.139745445,0.0001299489376833
4879418.0884,2400919.139745445,0.0001232117792824
4889418.0884,2400919.139745445,9.426468750461936e-05
4899418.0884,2400919.139745445,9.186256647808476e-05
4909418.0884,2400919.139745445,9.583186329109594e-05
4919418.0884,2400919.139745445,6.38526034890674e-05
4929418.0884,2400919.139745445,3.5240147553849965e-05
4939418.0884,2400919.139745445,0.0
4949418.0884,2400919.139745445,7.528590231231647e-06
4959418.0884,2400919.139745445,0.0001838878670241
4969418.0884,2400919.139745445,0.0002290208503836
4979418.0884,2400919.139745445,7.204235589597374e-05
4989418.0884,2400919.139745445,6.639476487180218e-05
4999418.0884,2400919.139745445,5.307913306751288e-05
5009418.0884,2400919.139745445,1.138605239248136e-05
4729418.0884,2390919.139745445,0.0
4739418.0884,2390919.139745445,0.0
4749418.0884,2390919.139745445,0.0
4759418.0884,2390919.139745445,0.0
4769418.0884,2390919.139745445,0.0
4779418.0884,2390919.139745445,0.0
4789418.0884,2390919.139745445,0.0
4799418.0884,2390919.139745445,0.0
4809418.0884,2390919.139745445,0.0
4819418.0884,2390919.139745445,0.0
4829418.0884,2390919.139745445,6.626087997574359e-05
4839418.0884,2390919.139745445,9.894591494230552e-05
4849418.0884,2390919.139745445,5.6620567193022e-05
4859418.0884,2390919.139745445,8.254675776697694e-05
4869418.0884,2390919.139745445,0.0001214667063322
4879418.0884,2390919.139745445,0.0001513666502432
4889418.0884,2390919.139745445,0.0001138201841968
4899418.0884,2390919.139745445,9.483082976657896e-05
4909418.0884,2390919.139745445,6.49587600491941e-05
4919418.0884,2390919.139745445,3.8720852899132296e-05
4929418.0884,2390919.139745445,0.0
4939418.0884,2390919.139745445,0.0
4949418.0884,2390919.139745445,4.648833782994188e-05
4959418.0884,2390919.139745445,0.0001576146605657
4969418.0884,2390919.139745445,0.0001454468001611
4979418.0884,2390919.139745445,0.0001144994675996
4989418.0884,2390919.139745445,6.134580326033756e-05
4999418.0884,2390919.139745445,6.249208672670648e-05
5009418.0884,2390919.139745445,3.956563159590587e-05
4729418.0884,2380919.139745445,0.0
4739418.0884,2380919.139745445,0.0
4749418.0884,2380919.139745445,0.0
4759418.0884,2380919.139745445,0.0
4769418.0884,2380919.139745445,0.0
4779418.0884,2380919.139745445,0.0
4789418.0884,2380919.139745445,0.0
4799418.0884,2380919.139745445,0.0
4809418.0884,2380919.139745445,0.0
4819418.0884,2380919.139745445,0.0
4829418.0884,2380919.139745445,1.9365072148502804e-05
4839418.0884,2380919.139745445,4.529428042587824e-05
4849418.0884,2380919.139745445,5.80139494559262e-05
4859418.0884,2380919.139745445,9.601756755728272e-05
4869418.0884,2380919.139745445,0.0001257290568901
4879418.0884,2380919.139745445,0.0001056636101566
4889418.0884,2380919.139745445,0.0001344715419691
4899418.0884,2380919.139745445,9.81652774498798e-05
4909418.0884,2380919.139745445,0.0
4919418.0884,2380919.139745445,0.0
4929418.0884,2380919.139745445,0.0
4939418.0884,2380919.139745445,0.0
4949418.0884,2380919.139745445,5.890354805160314e-05
4959418.0884,2380919.139745445,0.0001142957553383
4969418.0884,2380919.139745445,0.0001441948552383
4979418.0884,2380919.139745445,0.0001278957934118
4989418.0884,2380919.139745445,5.1106999308103696e-05
4999418.0884,2380919.139745445,0.0001437833270756
5009418.0884,2380919.139745445,0.0001142915716627
4729418.0884,2370919.139745445,0.0
4739418.0884,2370919.139745445,0.0
4749418.0884,2370919.139745445,0.0
4759418.0884,2370919.139745445,0.0
4769418.0884,2370919.139745445,0.0
4779418.0884,2370919.139745445,0.0
4789418.0884,2370919.139745445,0.0
4799418.0884,2370919.139745445,0.0
4809418.0884,2370919.139745445,0.0
4819418.0884,2370919.139745445,8.78704940987518e-06
4829418.0884,2370919.139745445,7.68567551858723e-05
4839418.0884,2370919.139745445,7.497912883991374e-05
4849418.0884,2370919.139745445,6.021053923177533e-05
4859418.0884,2370919.139745445,5.225674613029696e-05
4869418.0884,2370919.139745445,5.883718768018298e-05
4879418.0884,2370919.139745445,5.6431199482176446e-05
4889418.0884,2370919.139745445,0.0001233384100487
4899418.0884,2370919.139745445,6.633251905441284e-05
4909418.0884,2370919.139745445,0.0
4919418.0884,2370919.139745445,0.0
4929418.0884,2370919.139745445,0.0
4939418.0884,2370919.139745445,5.807369961985386e-05
4949418.0884,2370919.139745445,8.01610221969895e-05
4959418.0884,2370919.139745445,4.32200904469937e-05
4969418.0884,2370919.139745445,0.0001146359281847
4979418.0884,2370919.139745445,0.0001130431846831
4989418.0884,2370919.139745445,0.0001276481198146
4999418.0884,2370919.139745445,0.0002201102615799
5009418.0884,2370919.139745445,0.0001516539778094
4729418.0884,2360919.139745445,0.0
4739418.0884,2360919.139745445,0.0
4749418.0884,2360919.139745445,0.0
4759418.0884,2360919.139745445,0.0
4769418.0884,2360919.139745445,0.0
4779418.0884,2360919.139745445,0.0
4789418.0884,2360919.139745445,0.0
4799418.0884,2360919.139745445,0.0
4809418.0884,2360919.139745445,0.0
4819418.0884,2360919.139745445,3.43578212778084e-05
4829418.0884,2360919.139745445,0.0001463362132199
4839418.0884,2360919.139745445,0.0001001325872493
4849418.0884,2360919.139745445,2.1213849322521128e-05
4859418.0884,2360919.139745445,1.4943000678613316e-05
4869418.0884,2360919.139745445,5.753262303187512e-05
4879418.0884,2360919.139745445,0.0001187126399599
4889418.0884,2360919.139745445,7.80844420660287e-05
4899418.0884,2360919.139745445,0.0
4909418.0884,2360919.139745445,0.0
4919418.0884,2360919.139745445,1.817798874981236e-05
4929418.0884,2360919.139745445,4.495428220252506e-05
4939418.0884,2360919.139745445,0.0001525564584881
4949418.0884,2360919.139745445,8.60587606439367e-05
4959418.0884,2360919.139745445,0.0
4969418.0884,2360919.139745445,8.460385288344696e-05
4979418.0884,2360919.139745445,0.0001059466958395
4989418.0884,2360919.139745445,0.0001808194501791
4999418.0884,2360919.139745445,0.0001692257792456
5009418.0884,2360919.139745445,0.0001040150309563
4729418.0884,2350919.139745445,0.0
4739418.0884,2350919.139745445,0.0
4749418.0884,2350919.139745445,0.0
4759418.0884,2350919.139745445,0.0
4769418.0884,2350919.139745445,0.0
4779418.0884,2350919.139745445,0.0
4789418.0884,2350919.139745445,0.0
4799418.0884,2350919.139745445,0.0
4809418.0884,2350919.139745445,0.0
4819418.0884,2350919.139745445,6.284030678216368e-05
4829418.0884,2350919.139745445,0.0001555239141453
4839418.0884,2350919.139745445,7.242478022817521e-05
4849418.0884,2350919.139745445,4.087316938239384e-06
4859418.0884,2350919.139745445,5.363261880120263e-05
4869418.0884,2350919.139745445,0.0001117815481848
4879418.0884,2350919.139745445,7.875645678723232e-05
4889418.0884,2350919.139745445,3.066053250222467e-05
4899418.0884,2350919.139745445,1.8386966985417527e-05
4909418.0884,2350919.139745445,6.964495241845725e-06
4919418.0884,2350919.139745445,5.505252556758933e-05
4929418.0884,2350919.139745445,0.0001392942067468
4939418.0884,2350919.139745445,0.000161149262567
4949418.0884,2350919.139745445,4.7421919589396566e-05
4959418.0884,2350919.139745445,4.4306125346338376e-05
4969418.0884,2350919.139745445,6.191321153892204e-05
4979418.0884,2350919.139745445,9.783131099538876e-05
4989418.0884,2350919.139745445,0.0001902436342788
4999418.0884,2350919.139745445,8.838125359034164e-05
5009418.0884,2350919.139745445,3.3258369512623176e-05
4729418.0884,2340919.139745445,0.0
4739418.0884,2340919.139745445,0.0
4749418.0884,2340919.139745445,0.0
4759418.0884,2340919.139745445,0.0
4769418.0884,2340919.139745445,0.0
4779418.0884,2340919.139745445,0.0
4789418.0884,2340919.139745445,0.0
4799418.0884,2340919.139745445,0.0
4809418.0884,2340919.139745445,4.708184496848844e-05
4819418.0884,2340919.139745445,0.0001280495052924
4829418.0884,2340919.139745445,0.0001699881686363
4839418.0884,2340919.139745445,8.880507812136784e-05
4849418.0884,2340919.139745445,6.1994549469091e-05
4859418.0884,2340919.139745445,0.000111050751002
4869418.0884,2340919.139745445,9.990485705202444e-05
4879418.0884,2340919.139745445,4.210576298646629e-05
4889418.0884,2340919.139745445,1.952514321601484e-05
4899418.0884,2340919.139745445,5.17990774824284e-05
4909418.0884,2340919.139745445,4.485869794734754e-05
4919418.0884,2340919.139745445,6.535742431879044e-05
4929418.0884,2340919.139745445,8.075391815509646e-05
4939418.0884,2340919.139745445,0.0001153054545284
4949418.0884,2340919.139745445,2.5344292225781828e-05
4959418.0884,2340919.139745445,6.630356074310839e-05
4969418.0884,2340919.139745445,5.063990829512477e-05
4979418.0884,2340919.139745445,9.798289829632267e-05
4989418.0884,2340919.139745445,0.0001680731365922
4999418.0884,2340919.139745445,0.0001105042174458
5009418.0884,2340919.139745445,3.6977689887862646e-05
4729418.0884,2330919.139745445,0.0
4739418.0884,2330919.139745445,0.0
4749418.0884,2330919.139745445,0.0
4759418.0884,2330919.139745445,0.0
4769418.0884,2330919.139745445,0.0
4779418.0884,2330919.139745445,0.0
4789418.0884,2330919.139745445,0.0
4799418.0884,2330919.139745445,0.0
4809418.0884,2330919.139745445,5.5528824304929e-05
4819418.0884,2330919.139745445,0.0002127927873516
4829418.0884,2330919.139745445,0.0002769610437098
4839418.0884,2330919.139745445,0.0001207583190989
4849418.0884,2330919.139745445,0.0001045584285748
4859418.0884,2330919.139745445,0.0001670850324444
4869418.0884,2330919.139745445,7.543548417743294e-05
4879418.0884,2330919.139745445,0.0
4889418.0884,2330919.139745445,5.893115667277016e-05
4899418.0884,2330919.139745445,5.740639244322665e-05
4909418.0884,2330919.139745445,3.5408596886554726e-05
4919418.0884,2330919.139745445,6.447561463573948e-05
4929418.0884,2330919.139745445,6.453466630773619e-05
4939418.0884,2330919.139745445,0.0001009321786114
4949418.0884,2330919.139745445,0.0001293525856453
4959418.0884,2330919.139745445,0.0001153429620899
4969418.0884,2330919.139745445,1.720801810733974e-05
4979418.0884,2330919.139745445,0.0001734835532261
4989418.0884,2330919.139745445,0.0001606207952136
4999418.0884,2330919.139745445,0.0001357251603621
5009418.0884,2330919.139745445,3.272484536864795e-05
4729418.0884,2320919.139745445,0.0
4739418.0884,2320919.139745445,0.0
4749418.0884,2320919.139745445,0.0
4759418.0884,2320919.139745445,0.0
4769418.0884,2320919.139745445,0.0
4779418.0884,2320919.139745445,0.0
4789418.0884,2320919.139745445,0.0
4799418.0884,2320919.139745445,0.0
4809418.0884,2320919.139745445,6.34896568953991e-05
4819418.0884,2320919.139745445,0.0001848396932473
4829418.0884,2320919.139745445,0.0002778880880214
4839418.0884,2320919.139745445,0.0002105853200191
4849418.0884,2320919.139745445,0.0001772637479007
4859418.0884,2320919.139745445,0.0001047603145707
4869418.0884,2320919.139745445,0.0
4879418.0884,2320919.139745445,4.8456193326273926e-05
4889418.0884,2320919.139745445,6.30090362392366e-05
4899418.0884,2320919.139745445,2.00852045963984e-05
4909418.0884,2320919.139745445,5.405153206083924e-05
4919418.0884,2320919.139745445,7.234881923068313e-05
4929418.0884,2320919.139745445,6.758199015166609e-05
4939418.0884,2320919.139745445,0.0001889285049401
4949418.0884,2320919.139745445,0.0002466485602781
4959418.0884,2320919.139745445,0.0001444282825104
4969418.0884,2320919.139745445,6.735398346791044e-05
4979418.0884,2320919.139745445,0.0001885750389192
4989418.0884,2320919.139745445,0.0001208695975947
4999418.0884,2320919.139745445,7.752842793706803e-05
5009418.0884,2320919.139745445,8.174905815394595e-06
4729418.0884,2310919.139745445,0.0
4739418.0884,2310919.139745445,0.0
4749418.0884,2310919.139745445,0.0
4759418.0884,2310919.139745445,0.0
4769418.0884,2310919.139745445,0.0
4779418.0884,2310919.139745445,0.0
4789418.0884,2310919.139745445,0.0
4799418.0884,2310919.139745445,5.836539457959589e-06
4809418.0884,2310919.139745445,6.16346369497478e-05
4819418.0884,2310919.139745445,0.0001759297883836
4829418.0884,2310919.139745445,0.0003076733555644
4839418.0884,2310919.139745445,0.0003198489721398
4849418.0884,2310919.139745445,0.0001592068729223
4859418.0884,2310919.139745445,0.0
4869418.0884,2310919.139745445,4.3764528527390205e-05
4879418.0884,2310919.139745445,6.43603561911732e-05
4889418.0884,2310919.139745445,4.22527373302728e-05
4899418.0884,2310919.139745445,0.0
4909418.0884,2310919.139745445,7.186066795838997e-05
4919418.0884,2310919.139745445,0.0001378565066261
4929418.0884,2310919.139745445,0.0001234914525412
4939418.0884,2310919.139745445,0.0002573002420831
4949418.0884,2310919.139745445,0.000258753367234
4959418.0884,2310919.139745445,9.42391125136055e-05
4969418.0884,2310919.139745445,0.0001228477776749
4979418.0884,2310919.139745445,0.0001240909768966
4989418.0884,2310919.139745445,7.64207070460543e-05
4999418.0884,2310919.139745445,0.0
5009418.0884,2310919.139745445,0.0
4729418.0884,2300919.139745445,0.0
4739418.0884,2300919.139745445,0.0
4749418.0884,2300919.139745445,0.0
4759418.0884,2300919.139745445,0.0
4769418.0884,2300919.139745445,0.0
4779418.0884,2300919.139745445,0.0
4789418.0884,2300919.139745445,0.0
4799418.0884,2300919.139745445,2.7360772946849465e-05
4809418.0884,2300919.139745445,7.62610143283382e-05
4819418.0884,2300919.139745445,0.0002179804432671
4829418.0884,2300919.139745445,0.0003470674564596
4839418.0884,2300919.139745445,0.0002810258301906
4849418.0884,2300919.139745445,5.7362893130630255e-05
4859418.0884,2300919.139745445,2.9163666113163345e-06
4869418.0884,2300919.139745445,3.472108073765412e-05
4879418.0884,2300919.139745445,4.62681200588122e-05
4889418.0884,2300919.139745445,0.0
4899418.0884,2300919.139745445,0.0
4909418.0884,2300919.139745445,2.5778137569432143e-05
4919418.0884,2300919.139745445,0.0001293647947022
4929418.0884,2300919.139745445,0.0002199655573349
4939418.0884,2300919.139745445,0.0002436375507386
4949418.0884,2300919.139745445,0.0001562570541864
4959418.0884,2300919.139745445,0.0001010407577268
4969418.0884,2300919.139745445,0.0001191696501336
4979418.0884,2300919.139745445,0.0001406654046149
4989418.0884,2300919.139745445,0.0001272200897801
4999418.0884,2300919.139745445,3.960703907068818e-05
5009418.0884,2300919.139745445,0.0
4729418.0884,2290919.139745445,0.0
4739418.0884,2290919.139745445,0.0
4749418.0884,2290919.139745445,0.0
4759418.0884,2290919.139745445,0.0
4769418.0884,2290919.139745445,0.0
4779418.0884,2290919.139745445,0.0
4789418.0884,2290919.139745445,0.0
4799418.0884,2290919.139745445,0.0
4809418.0884,2290919.139745445,8.532223000656813e-05
4819418.0884,2290919.139745445,0.0003025953192263
4829418.0884,2290919.139745445,0.0003345113073009
4839418.0884,2290919.139745445,0.0001776244316715
4849418.0884,2290919.139745445,4.100625665159896e-05
4859418.0884,2290919.139745445,0.0
4869418.0884,2290919.139745445,2.3330035219260026e-06
4879418.0884,2290919.139745445,0.0
4889418.0884,2290919.139745445,2.405406485195272e-05
4899418.0884,2290919.139745445,2.0544417566270567e-05
4909418.0884,2290919.139745445,0.0
4919418.0884,2290919.139745445,0.0001380439498461
4929418.0884,2290919.139745445,0.0002697120653465
4939418.0884,2290919.139745445,0.0002499647671356
4949418.0884,2290919.139745445,0.0001726379268802
4959418.0884,2290919.139745445,7.603039557579903e-05
4969418.0884,2290919.139745445,0.000100439581729
4979418.0884,2290919.139745445,0.000118801202916
4989418.0884,2290919.139745445,0.0001121960813179
4999418.0884,2290919.139745445,4.016075763502158e-06
5009418.0884,2290919.139745445,0.0
4729418.0884,2280919.139745445,0.0
4739418.0884,2280919.139745445,0.0
4749418.0884,2280919.139745445,0.0
4759418.0884,2280919.139745445,0.0
4769418.0884,2280919.139745445,0.0
4779418.0884,2280919.139745445,0.0
4789418.0884,2280919.139745445,3.051209387194831e-05
4799418.0884,2280919.139745445,0.0001214251606143
4809418.0884,2280919.139745445,0.0001674205705057
4819418.0884,2280919.139745445,0.0003196636680513
4829418.0884,2280919.139745445,0.0002955043164547
4839418.0884,2280919.139745445,0.0001025814708555
4849418.0884,2280919.139745445,0.0
4859418.0884,2280919.139745445,0.0
4869418.0884,2280919.139745445,0.0
4879418.0884,2280919.139745445,0.0
4889418.0884,2280919.139745445,6.253114406717941e-05
4899418.0884,2280919.139745445,4.6150144044077024e-05
4909418.0884,2280919.139745445,3.758307138923556e-05
4919418.0884,2280919.139745445,0.0002324198139831
4929418.0884,2280919.139745445,0.00029490981251
4939418.0884,2280919.139745445,0.0001803517661755
4949418.0884,2280919.139745445,0.0001487577828811
4959418.0884,2280919.139745445,5.70083830098156e-05
4969418.0884,2280919.139745445,5.632992906612344e-05
4979418.0884,2280919.139745445,3.1245184800354764e-05
4989418.0884,2280919.139745445,2.0470044546527788e-05
4999418.0884,2280919.139745445,0.0
5009418.0884,2280919.139745445,0.0
4729418.0884,2270919.139745445,0.0
4739418.0884,2270919.139745445,0.0
4749418.0884,2270919.139745445,0.0
4759418.0884,2270919.139745445,0.0
4769418.0884,2270919.139745445,0.0
4779418.0884,2270919.139745445,0.0
4789418.0884,2270919.139745445,5.454591155285016e-05
4799418.0884,2270919.139745445,0.0001918920315802
4809418.0884,2270919.139745445,0.0001956968044396
4819418.0884,2270919.139745445,0.0003216234617866
4829418.0884,2270919.139745445,0.0002435993083054
4839418.0884,2270919.139745445,4.679531048168428e-05
4849418.0884,2270919.139745445,0.0
4859418.0884,2270919.139745445,0.0
4869418.0884,2270919.139745445,2.0661542293964885e-05
4879418.0884,2270919.139745445,6.636868783971295e-05
4889418.0884,2270919.139745445,9.005102765513584e-05
4899418.0884,2270919.139745445,4.9275622586719685e-05
4909418.0884,2270919.139745445,6.363636202877387e-05
4919418.0884,2270919.139745445,0.0002835864434018
4929418.0884,2270919.139745445,0.0002275743900099
4939418.0884,2270919.139745445,0.0001332770625595
4949418.0884,2270919.139745445,0.0001184456123155
4959418.0884,2270919.139745445,6.51171721983701e-05
4969418.0884,2270919.139745445,7.374891720246524e-05
4979418.0884,2270919.139745445,3.3947904739761725e-05
4989418.0884,2270919.139745445,0.0
4999418.0884,2270919.139745445,0.0
5009418.0884,2270919.139745445,0.0
4729418.0884,2260919.139745445,0.0
4739418.0884,2260919.139745445,0.0
4749418.0884,2260919.139745445,0.0
4759418.0884,2260919.139745445,0.0
4769418.0884,2260919.139745445,0.0
4779418.0884,2260919.139745445,9.36047490540659e-06
4789418.0884,2260919.139745445,6.608254625461996e-05
4799418.0884,2260919.139745445,0.0001176953810499
4809418.0884,2260919.139745445,0.0001470828865421
4819418.0884,2260919.139745445,0.0002400542143732
4829418.0884,2260919.139745445,0.0001497836638009
4839418.0884,2260919.139745445,2.0805302483495325e-05
4849418.0884,2260919.139745445,0.0
4859418.0884,2260919.139745445,8.041915134526789e-05
4869418.0884,2260919.139745445,0.0001056414621416
4879418.0884,2260919.139745445,9.531409159535542e-05
4889418.0884,2260919.139745445,0.0001021160715026
4899418.0884,2260919.139745445,0.0001048772683134
4909418.0884,2260919.139745445,8.123274164972825e-05
4919418.0884,2260919.139745445,0.0001997263898374
4929418.0884,2260919.139745445,9.343570854980496e-05
4939418.0884,2260919.139745445,0.0001101524903788
4949418.0884,2260919.139745445,0.0001380509493174
4959418.0884,2260919.139745445,6.403828592738137e-05
4969418.0884,2260919.139745445,4.8743226216174655e-05
4979418.0884,2260919.139745445,4.0616760088596486e-05
4989418.0884,2260919.139745445,0.0
4999418.0884,2260919.139745445,0.0
5009418.0884,2260919.139745445,0.0
4729418.0884,2250919.139745445,0.0
4739418.0884,2250919.139745445,0.0
4749418.0884,2250919.139745445,0.0
4759418.0884,2250919.139745445,0.0
4769418.0884,2250919.139745445,0.0
4779418.0884,2250919.139745445,5.9231449995422736e-05
4789418.0884,2250919.139745445,6.079896775190719e-05
4799418.0884,2250919.139745445,0.0001721625158097
4809418.0884,2250919.139745445,0.0002491996565368
4819418.0884,2250919.139745445,0.000238232925767
4829418.0884,2250919.139745445,5.471290205605328e-05
4839418.0884,2250919.139745445,0.0
4849418.0884,2250919.139745445,5.222497929935344e-05
4859418.0884,2250919.139745445,0.0001348646910628
4869418.0884,2250919.139745445,0.0001015369853121
4879418.0884,2250919.139745445,2.399559343757573e-05
4889418.0884,2250919.139745445,4.8619443987263367e-05
4899418.0884,2250919.139745445,0.0001534757320769
4909418.0884,2250919.139745445,0.0001852316345321
4919418.0884,2250919.139745445,0.0001462212239857
4929418.0884,2250919.139745445,1.1272228221059777e-05
4939418.0884,2250919.139745445,6.43423554720357e-05
4949418.0884,2250919.139745445,0.0001046029865392
4959418.0884,2250919.139745445,7.563801773358136e-05
4969418.0884,2250919.139745445,5.485400834004395e-05
4979418.0884,2250919.139745445,1.7580703570274636e-05
4989418.0884,2250919.139745445,0.0
4999418.0884,2250919.139745445,0.0
5009418.0884,2250919.139745445,0.0
4729418.0884,2240919.139745445,0.0
4739418.0884,2240919.139745445,0.0
4749418.0884,2240919.139745445,0.0
4759418.0884,2240919.139745445,0.0
4769418.0884,2240919.139745445,2.08342735277256e-05
4779418.0884,2240919.139745445,6.08566369919572e-05
4789418.0884,2240919.139745445,8.990360947791488e-05
4799418.0884,2240919.139745445,0.0001972127065528
4809418.0884,2240919.139745445,0.0002667025837581
4819418.0884,2240919.139745445,0.0001358894951408
4829418.0884,2240919.139745445,1.6291422753056397e-06
4839418.0884,2240919.139745445,0.0
4849418.0884,2240919.139745445,0.000103240730823
4859418.0884,2240919.139745445,0.0001814599672798
4869418.0884,2240919.139745445,5.897783194086514e-05
4879418.0884,2240919.139745445,0.0
4889418.0884,2240919.139745445,9.278361540054902e-05
4899418.0884,2240919.139745445,0.0002240890171378
4909418.0884,2240919.139745445,0.0001437009341316
4919418.0884,2240919.139745445,4.251415157341398e-05
4929418.0884,2240919.139745445,0.0
4939418.0884,2240919.139745445,0.0001006585298455
4949418.0884,2240919.139745445,9.277080971514806e-05
4959418.0884,2240919.139745445,3.743803245015442e-05
4969418.0884,2240919.139745445,4.862426794716157e-05
4979418.0884,2240919.139745445,0.0
4989418.0884,2240919.139745445,0.0
4999418.0884,2240919.139745445,0.0
5009418.0884,2240919.139745445,0.0
4729418.0884,2230919.139745445,0.0
4739418.0884,2230919.139745445,0.0
4749418.0884,2230919.139745445,0.0
4759418.0884,2230919.139745445,0.0
4769418.0884,2230919.139745445,4.7226498281816014e-05
4779418.0884,2230919.139745445,7.62139679864049e-05
4789418.0884,2230919.139745445,4.5242904889164486e-05
4799418.0884,2230919.139745445,0.0002019326784648
4809418.0884,2230919.139745445,0.0001350919192191
4819418.0884,2230919.139745445,3.223009844077751e-05
4829418.0884,2230919.139745445,0.0
4839418.0884,2230919.139745445,1.950242949533276e-05
4849418.0884,2230919.139745445,9.696751658339052e-05
4859418.0884,2230919.139745445,0.0001684682356426
4869418.0884,2230919.139745445,8.241154864663258e-05
4879418.0884,2230919.139745445,3.09402821585536e-05
4889418.0884,2230919.139745445,0.000130184504087
4899418.0884,2230919.139745445,0.0001800408645067
4909418.0884,2230919.139745445,2.7377889637136832e-05
4919418.0884,2230919.139745445,0.0
4929418.0884,2230919.139745445,6.699852383462712e-05
4939418.0884,2230919.139745445,6.82452809996903e-05
4949418.0884,2230919.139745445,3.8290785596473136e-05
4959418.0884,2230919.139745445,2.050563307420816e-05
4969418.0884,2230919.139745445,9.102351214096416e-06
4979418.0884,2230919.139745445,0.0
4989418.0884,2230919.139745445,0.0
4999418.0884,2230919.139745445,0.0
5009418.0884,2230919.139745445,0.0
4729418.0884,2220919.139745445,0.0
4739418.0884,2220919.139745445,0.0
4749418.0884,2220919.139745445,0.0
4759418.0884,2220919.139745445,1.4621108675783034e-05
4769418.0884,2220919.139745445,0.0001110286611947
4779418.0884,2220919.139745445,0.0001618353126104
4789418.0884,2220919.139745445,0.0001570174936205
4799418.0884,2220919.139745445,0.0002624540938995
4809418.0884,2220919.139745445,9.845496242633088e-05
4819418.0884,2220919.139745445,0.0
4829418.0884,2220919.139745445,0.0
4839418.0884,2220919.139745445,0.0
4849418.0884,2220919.139745445,7.655774970771743e-05
4859418.0884,2220919.139745445,0.0001387210213579
4869418.0884,2220919.139745445,6.3786478676775005e-06
4879418.0884,2220919.139745445,9.296921780332924e-05
4889418.0884,2220919.139745445,0.0001543001708341
4899418.0884,2220919.139745445,7.598649244755505e-05
4909418.0884,2220919.139745445,2.241702713945415e-05
4919418.0884,2220919.139745445,8.197197894332929e-05
4929418.0884,2220919.139745445,0.0001111134333768
4939418.0884,2220919.139745445,4.958134377375245e-05
4949418.0884,2220919.139745445,2.301685708516743e-05
4959418.0884,2220919.139745445,1.711013646854553e-05
4969418.0884,2220919.139745445,0.0
4979418.0884,2220919.139745445,0.0
4989418.0884,2220919.139745445,0.0
4999418.0884,2220919.139745445,0.0
5009418.0884,2220919.139745445,0.0
4729418.0884,2210919.139745445,0.0
4739418.0884,2210919.139745445,0.0
4749418.0884,2210919.139745445,0.0
4759418.0884,2210919.139745445,1.6104379028547555e-05
4769418.0884,2210919.139745445,0.0001789922098396
4779418.0884,2210919.139745445,0.0001391614496242
4789418.0884,2210919.139745445,0.0002246190269943
4799418.0884,2210919.139745445,0.0002794012252707
4809418.0884,2210919.139745445,9.630006388761105e-05
4819418.0884,2210919.139745445,0.0
4829418.0884,2210919.139745445,0.0
4839418.0884,2210919.139745445,0.0
4849418.0884,2210919.139745445,8.331991557497531e-05
4859418.0884,2210919.139745445,0.0001006868478725
4869418.0884,2210919.139745445,6.1004389863228425e-05
4879418.0884,2210919.139745445,0.0001470633142162
4889418.0884,2210919.139745445,0.0001424946967745
4899418.0884,2210919.139745445,2.0546644009300508e-05
4909418.0884,2210919.139745445,2.503847463231068e-05
4919418.0884,2210919.139745445,0.0001032867075991
4929418.0884,2210919.139745445,9.317907824879512e-05
4939418.0884,2210919.139745445,4.9202913032786455e-06
4949418.0884,2210919.139745445,2.474326902301982e-05
4959418.0884,2210919.139745445,5.975835847493728e-06
4969418.0884,2210919.139745445,0.0
4979418.0884,2210919.139745445,0.0
4989418.0884,2210919.139745445,0.0
4999418.0884,2210919.139745445,0.0
5009418.0884,2210919.139745445,0.0
4729418.0884,2200919.139745445,0.0
4739418.0884,2200919.139745445,0.0
4749418.0884,2200919.139745445,0.0
4759418.0884,2200919.139745445,5.625315316137858e-05
4769418.0884,2200919.139745445,0.000173109350726
4779418.0884,2200919.139745445,0.0002128233463736
4789418.0884,2200919.139745445,0.0002780457725748
4799418.0884,2200919.139745445,0.0001627687597647
4809418.0884,2200919.139745445,6.065153138479218e-05
4819418.0884,2200919.139745445,0.0
4829418.0884,2200919.139745445,4.169276508037001e-05
4839418.0884,2200919.139745445,5.9635232901200645e-05
4849418.0884,2200919.139745445,0.0001066644617822
4859418.0884,2200919.139745445,0.0001177230369648
4869418.0884,2200919.139745445,0.0001496216718805
4879418.0884,2200919.139745445,0.0002003428089665
4889418.0884,2200919.139745445,0.0001682509609963
4899418.0884,2200919.139745445,5.197561040404253e-05
4909418.0884,2200919.139745445,8.333595360454638e-06
4919418.0884,2200919.139745445,8.403875108342618e-05
4929418.0884,2200919.139745445,2.9473714675987136e-05
4939418.0884,2200919.139745445,0.0
4949418.0884,2200919.139745445,0.0
4959418.0884,2200919.139745445,0.0
4969418.0884,2200919.139745445,0.0
4979418.0884,2200919.139745445,0.0
4989418.0884,2200919.139745445,0.0
4999418.0884,2200919.139745445,0.0
5009418.0884,2200919.139745445,0.0
4729418.0884,2190919.139745445,0.0
4739418.0884,2190919.139745445,0.0
4749418.0884,2190919.139745445,0.0
4759418.0884,2190919.139745445,5.9845522628165775e-05
4769418.0884,2190919.139745445,0.000150775667862
4779418.0884,2190919.139745445,0.0002339054481126
4789418.0884,2190919.139745445,0.0002620832819957
4799418.0884,2190919.139745445,0.0001869262050604
4809418.0884,2190919.139745445,8.802191587164998e-05
4819418.0884,2190919.139745445,0.0
4829418.0884,2190919.139745445,7.762741734040901e-05
4839418.0884,2190919.139745445,0.0001658928958931
4849418.0884,2190919.139745445,0.0001758350990712
4859418.0884,2190919.139745445,0.0002363371459068
4869418.0884,2190919.139745445,0.0002397021598881
4879418.0884,2190919.139745445,0.0001967192074516
4889418.0884,2190919.139745445,0.0001997701911022
4899418.0884,2190919.139745445,4.345537308836356e-05
4909418.0884,2190919.139745445,3.5884781937056687e-06
4919418.0884,2190919.139745445,3.949615711462684e-05
4929418.0884,2190919.139745445,4.5112083171261474e-05
4939418.0884,2190919.139745445,0.0
4949418.0884,2190919.139745445,0.0
4959418.0884,2190919.139745445,0.0
4969418.0884,2190919.139745445,0.0
4979418.0884,2190919.139745445,0.0
4989418.0884,2190919.139745445,0.0
4999418.0884,2190919.139745445,0.0
5009418.0884,2190919.139745445,0.0
4729418.0884,2180919.139745445,0.0
4739418.0884,2180919.139745445,0.0
4749418.0884,2180919.139745445,0.0
4759418.0884,2180919.139745445,2.972551192215178e-05
4769418.0884,2180919.139745445,0.0001556152274133
4779418.0884,2180919.139745445,0.000240795823629
4789418.0884,2180919.139745445,0.0002518228720873
4799418.0884,2180919.139745445,0.0002947105967905
4809418.0884,2180919.139745445,0.0001160239771706
4819418.0884,2180919.139745445,4.8082387365866446e-05
4829418.0884,2180919.139745445,0.0001635714143048
4839418.0884,2180919.139745445,0.0001862698845798
4849418.0884,2180919.139745445,0.0002420332748442
4859418.0884,2180919.139745445,0.0002886111324187
4869418.0884,2180919.139745445,0.0002433169574942
4879418.0884,2180919.139745445,0.0001869052503025
4889418.0884,2180919.139745445,0.000114169131848
4899418.0884,2180919.139745445,2.0686698917415924e-05
4909418.0884,2180919.139745445,1.1676349458866753e-05
4919418.0884,2180919.139745445,1.0055481652671004e-05
4929418.0884,2180919.139745445,0.0
4939418.0884,2180919.139745445,0.0
4949418.0884,2180919.139745445,0.0
4959418.0884,2180919.139745445,0.0
4969418.0884,2180919.139745445,0.0
4979418.0884,2180919.139745445,0.0
4989418.0884,2180919.139745445,0.0
4999418.0884,2180919.139745445,0.0
5009418.0884,2180919.139745445,0.0
4729418.0884,2170919.139745445,0.0
4739418.0884,2170919.139745445,0.0
4749418.0884,2170919.139745445,2.588200914033223e-05
4759418.0884,2170919.139745445,9.4448150775861e-05
4769418.0884,2170919.139745445,0.0001683906011749
4779418.0884,2170919.139745445,0.0002132746012648
4789418.0884,2170919.139745445,0.000219624969759
4799418.0884,2170919.139745445,0.0002835646737366
4809418.0884,2170919.139745445,7.169040327426046e-05
4819418.0884,2170919.139745445,0.00012045600306
4829418.0884,2170919.139745445,0.000226247269893
4839418.0884,2170919.139745445,0.000177294423338
4849418.0884,2170919.139745445,0.0002096710668411
4859418.0884,2170919.139745445,0.0003135480801574
4869418.0884,2170919.139745445,0.0002454501518514
4879418.0884,2170919.139745445,0.0001826612569857
4889418.0884,2170919.139745445,4.209228063700721e-05
4899418.0884,2170919.139745445,7.718867709627375e-05
4909418.0884,2170919.139745445,4.243643343215808e-05
4919418.0884,2170919.139745445,0.0
4929418.0884,2170919.139745445,0.0
4939418.0884,2170919.139745445,0.0
4949418.0884,2170919.139745445,0.0
4959418.0884,2170919.139745445,0.0
4969418.0884,2170919.139745445,0.0
4979418.0884,2170919.139745445,0.0
4989418.0884,2170919.139745445,0.0
4999418.0884,2170919.139745445,0.0
5009418.0884,2170919.139745445,0.0
4729418.0884,2160919.139745445,0.0
4739418.0884,2160919.139745445,0.0
4749418.0884,2160919.139745445,2.4960427253972736e-05
4759418.0884,2160919.139745445,0.0001373013801639
4769418.0884,2160919.139745445,0.0001898777118185
4779418.0884,2160919.139745445,0.0001261685683857
4789418.0884,2160919.139745445,0.0001696317922323
4799418.0884,2160919.139745445,0.0002131503861164
4809418.0884,2160919.139745445,7.611951878061518e-05
4819418.0884,2160919.139745445,0.0001389816170558
4829418.0884,2160919.139745445,0.0001574046473251
4839418.0884,2160919.139745445,0.0001746758644003
4849418.0884,2160919.139745445,0.0002434518246445
4859418.0884,2160919.139745445,0.000200900103664
4869418.0884,2160919.139745445,0.0001881188654806
4879418.0884,2160919.139745445,0.000104438906419
4889418.0884,2160919.139745445,4.611203257809393e-05
4899418.0884,2160919.139745445,9.270125156035648e-05
4909418.0884,2160919.139745445,2.1729061700170856e-05
4919418.0884,2160919.139745445,0.0
4929418.0884,2160919.139745445,0.0
4939418.0884,2160919.139745445,0.0
4949418.0884,2160919.139745445,0.0
4959418.0884,2160919.139745445,0.0
4969418.0884,2160919.139745445,0.0
4979418.0884,2160919.139745445,0.0
4989418.0884,2160919.139745445,0.0
4999418.0884,2160919.139745445,0.0
5009418.0884,2160919.139745445,0.0
4729418.0884,2150919.139745445,0.0
4739418.0884,2150919.139745445,0.0
4749418.0884,2150919.139745445,7.653590000700204e-05
4759418.0884,2150919.139745445,0.0001650455815251
4769418.0884,2150919.139745445,0.0001369400415569
4779418.0884,2150919.139745445,7.771369564579798e-05
4789418.0884,2150919.139745445,0.0001217609315062
4799418.0884,2150919.139745445,0.0001389535027556
4809418.0884,2150919.139745445,8.226415229728445e-05
4819418.0884,2150919.139745445,0.0001397776650264
4829418.0884,2150919.139745445,0.0001337592839263
4839418.0884,2150919.139745445,0.0001766550412867
4849418.0884,2150919.139745445,0.000178567453986
4859418.0884,2150919.139745445,0.0002068218745989
4869418.0884,2150919.139745445,0.0001499954814789
4879418.0884,2150919.139745445,4.647378955269232e-05
4889418.0884,2150919.139745445,1.3433750609692652e-05
4899418.0884,2150919.139745445,3.710264354594983e-05
4909418.0884,2150919.139745445,0.0
4919418.0884,2150919.139745445,0.0
4929418.0884,2150919.139745445,0.0
4939418.0884,2150919.139745445,0.0
4949418.0884,2150919.139745445,0.0
4959418.0884,2150919.139745445,0.0
4969418.0884,2150919.139745445,0.0
4979418.0884,2150919.139745445,0.0
4989418.0884,2150919.139745445,0.0
4999418.0884,2150919.139745445,0.0
5009418.0884,2150919.139745445,0.0
4729418.0884,2140919.139745445,0.0
4739418.0884,2140919.139745445,2.3504433556809087e-05
4749418.0884,2140919.139745445,0.0001522360689705
4759418.0884,2140919.139745445,0.0001676665415288
4769418.0884,2140919.139745445,0.0001886072568595
4779418.0884,2140919.139745445,6.155441224109381e-05
4789418.0884,2140919.139745445,7.511223520850761e-05
4799418.0884,2140919.139745445,6.12413277849555e-05
4809418.0884,2140919.139745445,0.0001098140419344
4819418.0884,2140919.139745445,0.0001052678126143
4829418.0884,2140919.139745445,0.0001693907397566
4839418.0884,2140919.139745445,0.0002171725500375
4849418.0884,2140919.139745445,0.0001670697092777
4859418.0884,2140919.139745445,0.000190479302546
4869418.0884,2140919.139745445,0.0001301725569646
4879418.0884,2140919.139745445,5.697205779142678e-06
4889418.0884,2140919.139745445,5.6968792705447405e-06
4899418.0884,2140919.139745445,0.0
4909418.0884,2140919.139745445,0.0
4919418.0884,2140919.139745445,0.0
4929418.0884,2140919.139745445,0.0
4939418.0884,2140919.139745445,0.0
4949418.0884,2140919.139745445,0.0
4959418.0884,2140919.139745445,0.0
4969418.0884,2140919.139745445,0.0
4979418.0884,2140919.139745445,0.0
4989418.0884,2140919.139745445,0.0
4999418.0884,2140919.139745445,0.0
5009418.0884,2140919.139745445,0.0
4729418.0884,2130919.139745445,0.0
4739418.0884,2130919.139745445,3.794939402723685e-05
4749418.0884,2130919.139745445,0.0001139050073106
4759418.0884,2130919.139745445,0.0002307065733475
4769418.0884,2130919.139745445,0.0002138944546459
4779418.0884,2130919.139745445,7.583537080790846e-05
4789418.0884,2130919.139745445,0.000130305881612
4799418.0884,2130919.139745445,7.581080717500299e-05
4809418.0884,2130919.139745445,0.0001206057204399
4819418.0884,2130919.139745445,9.843181760516016e-05
4829418.0884,2130919.139745445,0.0002058146637864
4839418.0884,2130919.139745445,0.0002343972446396
4849418.0884,2130919.139745445,0.0001920566428452
4859418.0884,2130919.139745445,0.0001533849135739
4869418.0884,2130919.139745445,7.040534546831623e-05
4879418.0884,2130919.139745445,5.697205779142678e-06
4889418.0884,2130919.139745445,5.6968792705447405e-06
4899418.0884,2130919.139745445,0.0
4909418.0884,2130919.139745445,0.0
4919418.0884,2130919.139745445,0.0
4929418.0884,2130919.139745445,0.0
4939418.0884,2130919.139745445,0.0
4949418.0884,2130919.139745445,0.0
4959418.0884,2130919.139745445,0.0
4969418.0884,2130919.139745445,0.0
4979418.0884,2130919.139745445,0.0
4989418.0884,2130919.139745445,0.0
4999418.0884,2130919.139745445,0.0
5009418.0884,2130919.139745445,0.0
4729418.0884,2120919.139745445,0.0
4739418.0884,2120919.139745445,0.0
4749418.0884,2120919.139745445,8.365516259800641e-05
4759418.0884,2120919.139745445,0.0001829434331739
4769418.0884,2120919.139745445,0.0001071345759555
4779418.0884,2120919.139745445,0.0001095632323995
4789418.0884,2120919.139745445,0.0001253812661161
4799418.0884,2120919.139745445,5.871830217074602e-05
4809418.0884,2120919.139745445,0.0001531691377749
4819418.0884,2120919.139745445,0.0001702589652268
4829418.0884,2120919.139745445,0.0002208896330557
4839418.0884,2120919.139745445,0.00018048180209
4849418.0884,2120919.139745445,0.0001744315086398
4859418.0884,2120919.139745445,6.805302109569311e-05
4869418.0884,2120919.139745445,2.3048396542435512e-05
4879418.0884,2120919.139745445,0.0
4889418.0884,2120919.139745445,0.0
4899418.0884,2120919.139745445,0.0
4909418.0884,2120919.139745445,0.0
4919418.0884,2120919.139745445,0.0
4929418.0884,2120919.139745445,0.0
4939418.0884,2120919.139745445,0.0
4949418.0884,2120919.139745445,0.0
4959418.0884,2120919.139745445,0.0
4969418.0884,2120919.139745445,0.0
4979418.0884,2120919.139745445,0.0
4989418.0884,2120919.139745445,0.0
4999418.0884,2120919.139745445,0.0
5009418.0884,2120919.139745445,0.0
4729418.0884,2110919.139745445,0.0
4739418.0884,2110919.139745445,1.984145455935504e-05
4749418.0884,2110919.139745445,7.453293801518157e-05
4759418.0884,2110919.139745445,7.826956425560638e-05
4769418.0884,2110919.139745445,6.887042673042743e-06
4779418.0884,2110919.139745445,0.0001444708468625
4789418.0884,2110919.139745445,0.0001547047140775
4799418.0884,2110919.139745445,7.164655107771978e-05
4809418.0884,2110919.139745445,0.000188863967196
4819418.0884,2110919.139745445,0.0002348729467485
4829418.0884,2110919.139745445,0.0002798314380925
4839418.0884,2110919.139745445,0.000191576720681
4849418.0884,2110919.139745445,0.0001261737197637
4859418.0884,2110919.139745445,1.682160291238688e-05
4869418.0884,2110919.139745445,0.0
4879418.0884,2110919.139745445,0.0
4889418.0884,2110919.139745445,0.0
4899418.0884,2110919.139745445,0.0
4909418.0884,2110919.139745445,0.0
4919418.0884,2110919.139745445,0.0
4929418.0884,2110919.139745445,0.0
4939418.0884,2110919.139745445,0.0
4949418.0884,2110919.139745445,0.0
4959418.0884,2110919.139745445,0.0
4969418.0884,2110919.139745445,0.0
4979418.0884,2110919.139745445,0.0
4989418.0884,2110919.139745445,0.0
4999418.0884,2110919.139745445,0.0
5009418.0884,2110919.139745445,0.0
4729418.0884,2100919.139745445,2.3269788016477837e-06
4739418.0884,2100919.139745445,8.130395872285588e-05
4749418.0884,2100919.139745445,6.532858969876543e-05
4759418.0884,2100919.139745445,0.0
4769418.0884,2100919.139745445,5.798966594738886e-05
4779418.0884,2100919.139745445,0.0002379687066422
4789418.0884,2100919.139745445,0.0001607542508281
4799418.0884,2100919.139745445,6.915457925060764e-05
4809418.0884,2100919.139745445,0.0002031453332165
4819418.0884,2100919.139745445,0.0002141644363291
4829418.0884,2100919.139745445,0.0003314659988973
4839418.0884,2100919.139745445,0.000226206248044
4849418.0884,2100919.139745445,0.0001092586826416
4859418.0884,2100919.139745445,4.794164124177769e-05
4869418.0884,2100919.139745445,0.0
4879418.0884,2100919.139745445,0.0
4889418.0884,2100919.139745445,0.0
4899418.0884,2100919.139745445,0.0
4909418.0884,2100919.139745445,0.0
4919418.0884,2100919.139745445,0.0
4929418.0884,2100919.139745445,0.0
4939418.0884,2100919.139745445,0.0
4949418.0884,2100919.139745445,0.0
4959418.0884,2100919.139745445,0.0
4969418.0884,2100919.139745445,0.0
4979418.0884,2100919.139745445,0.0
4989418.0884,2100919.139745445,0.0
4999418.0884,2100919.139745445,0.0
5009418.0884,2100919.139745445,0.0
4729418.0884,2090919.1397454457,2.475959081493784e-05
4739418.0884,2090919.1397454457,6.380763079505414e-05
4749418.0884,2090919.1397454457,3.417338666622527e-05
4759418.0884,2090919.1397454457,0.0
4769418.0884,2090919.1397454457,7.345773337874562e-05
4779418.0884,2090919.1397454457,0.0001779702724888
4789418.0884,2090919.1397454457,9.930669330060482e-05
4799418.0884,2090919.1397454457,7.832158007659018e-05
4809418.0884,2090919.1397454457,0.0001626926969038
4819418.0884,2090919.1397454457,0.000204461539397
4829418.0884,2090919.1397454457,0.000308681250317
4839418.0884,2090919.1397454457,0.0001492743758717
4849418.0884,2090919.1397454457,0.0001402972993673
4859418.0884,2090919.1397454457,4.099592842976563e-05
4869418.0884,2090919.1397454457,0.0
4879418.0884,2090919.1397454457,0.0
4889418.0884,2090919.1397454457,0.0
4899418.0884,2090919.1397454457,0.0
4909418.0884,2090919.1397454457,0.0
4919418.0884,2090919.1397454457,0.0
4929418.0884,2090919.1397454457,0.0
4939418.0884,2090919.1397454457,0.0
4949418.0884,2090919.1397454457,0.0
4959418.0884,2090919.1397454457,0.0
4969418.0884,2090919.1397454457,0.0
4979418.0884,2090919.1397454457,0.0
4989418.0884,2090919.1397454457,0.0
4999418.0884,2090919.1397454457,0.0
5009418.0884,2090919.1397454457,0.0
4729418.0884,2080919.1397454457,5.6117110943887376e-05
4739418.0884,2080919.1397454457,5.773565862909891e-05
4749418.0884,2080919.1397454457,0.0
4759418.0884,2080919.1397454457,2.3647871785215106e-05
4769418.0884,2080919.1397454457,4.903903027297929e-05
4779418.0884,2080919.1397454457,0.000118492731417
4789418.0884,2080919.1397454457,0.0001069328136509
4799418.0884,2080919.1397454457,6.968948582652956e-05
4809418.0884,2080919.1397454457,8.449266897514462e-05
4819418.0884,2080919.1397454457,0.0001705085596768
4829418.0884,2080919.1397454457,0.0002678907767403
4839418.0884,2080919.1397454457,0.0001574091147631
4849418.0884,2080919.1397454457,8.901253022486344e-05
4859418.0884,2080919.1397454457,5.049329502071487e-06
4869418.0884,2080919.1397454457,0.0
4879418.0884,2080919.1397454457,0.0
4889418.0884,2080919.1397454457,0.0
4899418.0884,2080919.1397454457,0.0
4909418.0884,2080919.1397454457,0.0
4919418.0884,2080919.1397454457,0.0
4929418.0884,2080919.1397454457,0.0
4939418.0884,2080919.1397454457,0.0
4949418.0884,2080919.1397454457,0.0
4959418.0884,2080919.1397454457,0.0
4969418.0884,2080919.1397454457,0.0
4979418.0884,2080919.1397454457,0.0
4989418.0884,2080919.1397454457,0.0
4999418.0884,2080919.1397454457,0.0
5009418.0884,2080919.1397454457,0.0
4729418.0884,2070919.1397454457,3.584206206141971e-05
4739418.0884,2070919.1397454457,3.424203168833628e-05
4749418.0884,2070919.1397454457,1.19218912004726e-05
4759418.0884,2070919.1397454457,5.2490056987153366e-05
4769418.0884,2070919.1397454457,5.691821570508183e-05
4779418.0884,2070919.1397454457,6.792444764869288e-05
4789418.0884,2070919.1397454457,0.0001077286433428
4799418.0884,2070919.1397454457,0.000118467331049
4809418.0884,2070919.1397454457,5.807756679132581e-05
4819418.0884,2070919.1397454457,0.0001412343699485
4829418.0884,2070919.1397454457,0.0001506117550889
4839418.0884,2070919.1397454457,8.353065641131251e-05
4849418.0884,2070919.1397454457,0.0001249998167622
4859418.0884,2070919.1397454457,6.518710142700002e-05
4869418.0884,2070919.1397454457,0.0
4879418.0884,2070919.1397454457,0.0
4889418.0884,2070919.1397454457,0.0
4899418.0884,2070919.1397454457,0.0
4909418.0884,2070919.1397454457,0.0
4919418.0884,2070919.1397454457,0.0
4929418.0884,2070919.1397454457,0.0
4939418.0884,2070919.1397454457,0.0
4949418.0884,2070919.1397454457,0.0
4959418.0884,2070919.1397454457,0.0
4969418.0884,2070919.1397454457,0.0
4979418.0884,2070919.1397454457,0.0
4989418.0884,2070919.1397454457,0.0
4999418.0884,2070919.1397454457,0.0
5009418.0884,2070919.1397454457,0.0
4729418.0884,2060919.1397454457,4.39745963376481e-06
4739418.0884,2060919.1397454457,0.0
4749418.0884,2060919.1397454457,0.0001515453332103
4759418.0884,2060919.1397454457,0.0001591132458997
4769418.0884,2060919.1397454457,8.270120451925321e-05
4779418.0884,2060919.1397454457,0.0001103088652598
4789418.0884,2060919.1397454457,0.0001477123296353
4799418.0884,2060919.1397454457,0.0001649989717407
4809418.0884,2060919.1397454457,0.0001472032308811
4819418.0884,2060919.1397454457,9.009600762510672e-05
4829418.0884,2060919.1397454457,0.0
4839418.0884,2060919.1397454457,5.411448910308536e-06
4849418.0884,2060919.1397454457,9.47402004385367e-05
4859418.0884,2060919.1397454457,8.124480518745257e-05
4869418.0884,2060919.1397454457,2.846060851879884e-06
4879418.0884,2060919.1397454457,0.0
4889418.0884,2060919.1397454457,0.0
4899418.0884,2060919.1397454457,0.0
4909418.0884,2060919.1397454457,0.0
4919418.0884,2060919.1397454457,0.0
4929418.0884,2060919.1397454457,0.0
4939418.0884,2060919.1397454457,0.0
4949418.0884,2060919.1397454457,0.0
4959418.0884,2060919.1397454457,0.0
4969418.0884,2060919.1397454457,0.0
4979418.0884,2060919.1397454457,0.0
4989418.0884,2060919.1397454457,0.0
4999418.0884,2060919.1397454457,0.0
5009418.0884,2060919.1397454457,0.0
4729418.0884,2050919.1397454457,0.0
4739418.0884,2050919.1397454457,0.0001489235000917
4749418.0884,2050919.1397454457,0.0002035803772741
4759418.0884,2050919.1397454457,0.0001572053442941
4769418.0884,2050919.1397454457,6.400129495887086e-05
4779418.0884,2050919.1397454457,0.0001813527778722
4789418.0884,2050919.1397454457,0.0001605126308277
4799418.0884,2050919.1397454457,0.0001207711393362
4809418.0884,2050919.1397454457,9.894273534882812e-05
4819418.0884,2050919.1397454457,2.542119000281673e-05
4829418.0884,2050919.1397454457,1.4948469697628752e-06
4839418.0884,2050919.1397454457,0.0
4849418.0884,2050919.1397454457,7.56778463255614e-05
4859418.0884,2050919.1397454457,8.726461965125054e-05
4869418.0884,2050919.1397454457,0.0
4879418.0884,2050919.1397454457,0.0
4889418.0884,2050919.1397454457,0.0
4899418.0884,2050919.1397454457,0.0
4909418.0884,2050919.1397454457,0.0
4919418.0884,2050919.1397454457,0.0
4929418.0884,2050919.1397454457,0.0
4939418.0884,2050919.1397454457,0.0
4949418.0884,2050919.1397454457,0.0
4959418.0884,2050919.1397454457,0.0
4969418.0884,2050919.1397454457,0.0
4979418.0884,2050919.1397454457,0.0
4989418.0884,2050919.1397454457,0.0
4999418.0884,2050919.1397454457,0.0
5009418.0884,2050919.1397454457,0.0
4729418.0884,2040919.1397454457,7.313534297281875e-05
4739418.0884,2040919.1397454457,0.0001782206672942
4749418.0884,2040919.1397454457,0.0001370451936963
4759418.0884,2040919.1397454457,0.0001581122633069
4769418.0884,2040919.1397454457,9.840538405114783e-05
4779418.0884,2040919.1397454457,0.0001919390779221
4789418.0884,2040919.1397454457,0.0001454011944588
4799418.0884,2040919.1397454457,6.528053199872375e-05
4809418.0884,2040919.1397454457,3.7944661016808816e-05
4819418.0884,2040919.1397454457,5.8084486227016896e-05
4829418.0884,2040919.1397454457,0.0001098970315069
4839418.0884,2040919.1397454457,3.0083801902947016e-05
4849418.0884,2040919.1397454457,6.765081343473867e-05
4859418.0884,2040919.1397454457,5.152901212568394e-05
4869418.0884,2040919.1397454457,0.0
4879418.0884,2040919.1397454457,0.0
4889418.0884,2040919.1397454457,0.0
4899418.0884,2040919.1397454457,0.0
4909418.0884,2040919.1397454457,0.0
4919418.0884,2040919.1397454457,0.0
4929418.0884,2040919.1397454457,0.0
4939418.0884,2040919.1397454457,0.0
4949418.0884,2040919.1397454457,0.0
4959418.0884,2040919.1397454457,0.0
4969418.0884,2040919.1397454457,0.0
4979418.0884,2040919.1397454457,0.0
4989418.0884,2040919.1397454457,0.0
4999418.0884,2040919.1397454457,0.0
5009418.0884,2040919.1397454457,0.0
4729418.0884,2030919.1397454457,6.0191930970177054e-05
4739418.0884,2030919.1397454457,4.7125071432674304e-05
4749418.0884,2030919.1397454457,6.217900227056816e-05
4759418.0884,2030919.1397454457,0.000180443705176
4769418.0884,2030919.1397454457,0.0002215174754383
4779418.0884,2030919.1397454457,0.0001535836490802
4789418.0884,2030919.1397454457,6.888905045343563e-05
4799418.0884,2030919.1397454457,7.930298306746408e-05
4809418.0884,2030919.1397454457,5.8331668697064736e-05
4819418.0884,2030919.1397454457,0.0001109028162318
4829418.0884,2030919.1397454457,0.0001129512384068
4839418.0884,2030919.1397454457,1.186845747724874e-05
4849418.0884,2030919.1397454457,2.1938471036264676e-05
4859418.0884,2030919.1397454457,4.220731170789804e-06
4869418.0884,2030919.1397454457,0.0
4879418.0884,2030919.1397454457,0.0
4889418.0884,2030919.1397454457,0.0
4899418.0884,2030919.1397454457,0.0
4909418.0884,2030919.1397454457,0.0
4919418.0884,2030919.1397454457,0.0
4929418.0884,2030919.1397454457,0.0
4939418.0884,2030919.1397454457,0.0
4949418.0884,2030919.1397454457,0.0
4959418.0884,2030919.1397454457,0.0
4969418.0884,2030919.1397454457,0.0
4979418.0884,2030919.1397454457,0.0
4989418.0884,2030919.1397454457,0.0
4999418.0884,2030919.1397454457,0.0
5009418.0884,2030919.1397454457,0.0
4729418.0884,2020919.1397454457,3.7299420796443883e-07
4739418.0884,2020919.1397454457,3.604637868193095e-06
4749418.0884,2020919.1397454457,2.826175841619261e-05
4759418.0884,2020919.1397454457,7.339701551245524e-05
4769418.0884,2020919.1397454457,0.0001051288490998
4779418.0884,2020919.1397454457,6.138624303275719e-05
4789418.0884,2020919.1397454457,3.306691269244765e-06
4799418.0884,2020919.1397454457,4.9202219088329e-05
4809418.0884,2020919.1397454457,6.993323768256232e-05
4819418.0884,2020919.1397454457,8.334687663591465e-06
4829418.0884,2020919.1397454457,1.63065196829848e-05
4839418.0884,2020919.1397454457,0.0
4849418.0884,2020919.1397454457,0.0
4859418.0884,2020919.1397454457,0.0
4869418.0884,2020919.1397454457,0.0
4879418.0884,2020919.1397454457,0.0
4889418.0884,2020919.1397454457,0.0
4899418.0884,2020919.1397454457,0.0
4909418.0884,2020919.1397454457,0.0
4919418.0884,2020919.1397454457,0.0
4929418.0884,2020919.1397454457,0.0
4939418.0884,2020919.1397454457,0.0
4949418.0884,2020919.1397454457,0.0
4959418.0884,2020919.1397454457,0.0
4969418.0884,2020919.1397454457,0.0
4979418.0884,2020919.1397454457,0.0
4989418.0884,2020919.1397454457,0.0
4999418.0884,2020919.1397454457,0.0
5009418.0884,2020919.1397454457,0.0
